-- phpMyAdmin SQL Dump
-- version 5.0.4
-- https://www.phpmyadmin.net/
--
-- Gép: 127.0.0.1
-- Létrehozás ideje: 2021. Feb 20. 14:44
-- Kiszolgáló verziója: 10.4.11-MariaDB-log
-- PHP verzió: 7.4.2

SET SQL_MODE = "NO_AUTO_VALUE_ON_ZERO";
START TRANSACTION;
SET time_zone = "+00:00";


/*!40101 SET @OLD_CHARACTER_SET_CLIENT=@@CHARACTER_SET_CLIENT */;
/*!40101 SET @OLD_CHARACTER_SET_RESULTS=@@CHARACTER_SET_RESULTS */;
/*!40101 SET @OLD_COLLATION_CONNECTION=@@COLLATION_CONNECTION */;
/*!40101 SET NAMES utf8mb4 */;

--
-- Adatbázis: `dzeta`
--
DROP DATABASE IF EXISTS `dzeta`;
CREATE DATABASE IF NOT EXISTS `dzeta` DEFAULT CHARACTER SET utf8mb4 COLLATE utf8mb4_general_ci;
USE `dzeta`;

-- --------------------------------------------------------

--
-- Tábla szerkezet ehhez a táblához `abilitybonus`
--

DROP TABLE IF EXISTS `abilitybonus`;
CREATE TABLE `abilitybonus` (
  `Id` int(11) NOT NULL,
  `AbilityValue` int(11) DEFAULT NULL,
  `Active` int(11) DEFAULT NULL,
  `Passive` int(11) DEFAULT NULL
) ENGINE=InnoDB DEFAULT CHARSET=utf8mb4;

-- --------------------------------------------------------

--
-- Tábla szerkezet ehhez a táblához `characters`
--

DROP TABLE IF EXISTS `characters`;
CREATE TABLE `characters` (
  `Id` int(11) NOT NULL,
  `Name` varchar(64) DEFAULT NULL,
  `RaceId` int(11) NOT NULL,
  `Vitality` int(11) DEFAULT NULL,
  `Strength` int(11) DEFAULT NULL,
  `Endurance` int(11) DEFAULT NULL,
  `Toughtness` int(11) DEFAULT NULL,
  `Dexterity` int(11) DEFAULT NULL,
  `Agility` int(11) DEFAULT NULL,
  `Perception` int(11) DEFAULT NULL,
  `Quickness` int(11) DEFAULT NULL,
  `Intuition` int(11) DEFAULT NULL,
  `Intelligence` int(11) DEFAULT NULL,
  `Wisdom` int(11) DEFAULT NULL,
  `Resourcefull` int(11) DEFAULT NULL,
  `Charisma` int(11) DEFAULT NULL,
  `Appearance` int(11) DEFAULT NULL,
  `Influence` int(11) DEFAULT NULL,
  `Luck` int(11) DEFAULT NULL,
  `SkillId` int(11) DEFAULT NULL
  /*`GenderId` int(11) DEFAULT NULL*/
) ENGINE=InnoDB DEFAULT CHARSET=utf8mb4;

--
-- A tábla adatainak kiíratása `characters`
--

INSERT INTO `characters` (`Id`, `Name`, `RaceId`, `Vitality`, `Strength`, `Endurance`, `Toughtness`, `Dexterity`, `Agility`, `Perception`, `Quickness`, `Intuition`, `Intelligence`, `Wisdom`, `Resourcefull`, `Charisma`, `Appearance`, `Influence`, `Luck`, `SkillId`) VALUES
(1,'Duenor Mar',2,50,11,14,25,35,6,14,15,45,15,10,20,40,13,13,14,2),
(2,'Otlorda Leh',11,40,10,11,19,35,11,14,10,45,8,14,23,50,15,12,23,11),
(3,'Dentobshi Urhar',13,35,14,7,14,50,7,12,31,40,7,15,18,45,8,14,23,13),
(4,'Raiyburor Andalme',12,35,14,14,7,45,6,15,24,50,10,11,29,40,9,15,16,12),
(5,'Ras Bazal',22,45,13,12,20,35,7,13,15,40,8,11,21,50,6,7,37,22),
(6,'Giradorn Gorel',3,40,9,13,18,35,12,11,12,45,14,6,25,50,15,12,23,3),
(7,'Jan Yas',6,50,8,7,35,35,10,10,15,45,14,10,21,40,13,10,17,6),
(8,'Yavar Oxelnac',14,50,5,15,30,45,7,15,23,40,12,12,16,35,15,12,8,14),
(9,'Tugodak Ver',11,50,9,13,28,35,5,10,20,40,10,13,17,45,12,14,19,11),
(10,'Del Berel',13,45,12,14,19,50,6,7,37,35,9,11,15,40,13,11,16,13),
(11,'Fran Hatar',7,40,10,12,18,50,11,7,32,45,9,9,27,35,12,5,18,7),
(12,'Zad Arbunned',20,40,6,14,20,35,9,8,18,45,5,9,31,50,13,11,26,20),
(13,'Ervil Estelle',15,50,6,11,33,40,14,10,16,45,15,12,18,35,8,10,17,15),
(14,'Erveil Seyen',17,35,12,14,9,45,15,7,23,40,15,15,10,50,10,15,25,17),
(15,'Thali Tessa',3,45,13,5,27,50,11,12,27,40,10,13,17,35,5,10,20,3),
(16,'Amaz Tirunala',18,40,11,11,18,35,9,12,14,50,10,14,26,45,5,13,27,18),
(17,'Hallios Rebeta',17,45,6,6,33,50,11,13,26,35,7,12,16,40,5,5,30,17),
(18,'Halian Nielya',17,45,13,8,24,50,15,14,21,35,14,11,10,40,14,9,17,17),
(19,'Alhalleo Rennallane',2,40,11,11,18,50,10,15,25,45,6,13,26,35,15,9,11,2),
(20,'Zad Hella',5,40,5,14,21,35,10,14,11,45,15,10,20,50,10,11,29,5),
(21,'Jandar Dinnalla',1,45,8,10,27,50,10,7,33,40,15,8,17,35,11,5,19,1),
(22,'Kernasz Rellya',7,50,8,13,29,35,10,14,11,45,6,14,25,40,10,15,15,7),
(23,'Ervar Kriolea',3,35,13,9,13,40,11,14,15,45,5,6,34,50,15,6,29,3),
(24,'Lorafrak Medhebeth',11,45,6,12,27,40,6,15,19,50,13,10,27,35,13,6,16,11),
(25,'Thusa Addra-Szu',1,50,6,10,34,40,8,9,23,35,9,14,12,45,6,13,26,1),
(26,'Hrooloch Hamu',17,35,10,8,17,45,15,10,20,40,7,9,24,50,7,9,34,17),
(27,'Thempel Benochamon',6,50,12,5,33,35,13,13,9,45,5,5,35,40,12,10,18,6),
(28,'Hrufes Nar',21,45,7,12,26,35,7,10,18,50,15,5,30,40,12,11,17,21),
(29,'Asshur Werad',13,40,13,14,13,35,15,10,10,45,9,15,21,50,9,11,30,13),
(30,'Hrul Har',4,45,14,12,19,50,6,5,39,35,11,13,11,40,15,12,13,4),
(31,'Asshur Saalchuth',8,40,6,6,28,45,12,7,26,35,11,11,13,50,11,15,24,8),
(32,'Mol Hamun',11,40,8,8,24,45,9,7,29,35,7,5,23,50,15,6,29,11),
(33,'Bak Zham-Kain',18,45,11,14,20,35,8,12,15,40,5,6,29,50,6,14,30,18),
(34,'Ashura Mach',11,50,7,5,38,45,14,14,17,35,15,14,6,40,7,6,27,11),
(35,'Hroolosa Adar-szin',20,50,13,14,23,35,13,7,15,45,6,6,33,40,7,5,28,20),
(36,'UpHak Bar',19,45,14,7,24,35,11,11,13,40,9,6,25,50,8,6,36,19),
(37,'Hrufes Sudara-Hea',16,50,10,8,32,45,11,5,29,40,12,9,19,35,12,11,12,16),
(38,'Thempel DiNi',11,35,5,8,22,40,14,5,21,45,7,15,23,50,15,5,30,11),
(39,'Hrul Sudara',18,40,15,8,17,50,14,14,22,35,11,10,14,45,12,7,26,18),
(40,'UpHak Shiqua',3,35,7,10,18,50,12,11,27,40,12,7,21,45,6,10,29,3),
(41,'UpHakan Amra',19,45,14,10,21,50,13,5,32,40,7,11,22,35,10,12,13,19),
(42,'Mol Shiquari',17,40,5,13,22,45,12,5,28,50,5,9,36,35,5,12,18,17),
(43,'Bak Nuara-Hea',15,40,11,10,19,45,8,7,30,35,5,13,17,50,15,15,20,15),
(44,'Thur Aquiza',2,45,14,14,17,40,10,9,21,35,11,13,11,50,9,12,29,2),
(45,'Hroolosa Arri',10,40,6,5,29,50,10,5,35,45,7,14,24,35,11,7,17,10),
(46,'Asshur Arrinni',2,40,13,14,13,50,10,10,30,35,15,5,15,45,6,13,26,2),
(47,'Thusa Lehanit',18,50,13,11,26,35,8,9,18,40,13,6,21,45,12,6,27,18),
(48,'Hrool Aquara',14,50,12,11,27,35,12,13,10,45,10,8,27,40,14,12,14,14),
(49,'Dal Sil',13,40,8,6,26,50,14,10,26,35,15,5,15,45,15,13,17,13),
(50,'Doirtenir Rauhenn',11,45,7,14,24,40,15,13,12,50,12,6,32,35,6,14,15,11),
(51,'Vagrasse Imrym',22,35,7,8,20,50,12,11,27,45,10,14,21,40,8,5,27,22),
(52,'Hrundlad Otrek',20,50,11,15,24,35,5,13,17,45,5,12,28,40,8,9,23,20),
(53,'Ren Enwilkan',9,35,11,11,13,45,12,6,27,40,14,7,19,50,9,12,29,9),
(54,'Ranga Krimdul',21,50,10,7,33,40,12,10,18,35,11,14,10,45,7,8,30,21),
(55,'Borth Runn',5,35,8,11,16,45,12,5,28,50,5,15,30,40,9,5,26,5),
(56,'Doir Erd',17,35,15,14,6,40,7,10,23,45,15,7,23,50,10,11,29,17),
(57,'Kressir Ortann',8,40,11,8,21,50,15,12,23,35,5,9,21,45,12,8,25,8),
(58,'Vagras Gar',3,40,8,6,26,50,6,8,36,35,8,6,21,45,10,13,22,3),
(59,'Renihhse Orthadd',12,40,7,8,25,45,6,8,31,50,11,14,25,35,14,5,16,12),
(60,'Meleth Gehhdarn',6,35,5,6,24,50,9,8,33,40,13,7,20,45,6,15,2,6),
(61,'Ranndlad Sir-en',20,50,6,10,34,35,11,6,18,45,14,6,25,40,15,11,14,20),
(62,'Har Nisnannia',7,40,8,9,23,50,13,9,28,45,10,7,28,35,6,8,21,7),
(63,'Borth Erissethe',1,50,11,7,32,40,7,12,21,45,7,9,29,35,13,12,10,1),
(64,'Gernal Rigann',8,35,8,10,17,40,6,14,20,45,13,5,27,50,14,6,30,8),
(65,'Hratakssir Lidyrrenna',5,50,5,10,35,40,15,7,18,35,8,5,22,45,11,5,29,5),
(66,'Naithhe Yerrennia',18,35,13,12,10,45,12,13,20,50,10,11,29,40,5,9,26,18),
(67,'Kir Erisnal',2,35,7,8,20,45,8,9,28,50,12,12,26,40,7,6,27,2),
(68,'Ranga Sirre',5,50,14,7,29,45,8,10,27,35,12,13,10,40,13,8,19,5),
(69,'Kirten Rya',20,50,6,5,39,45,8,9,28,35,9,5,21,40,11,12,17,20),
(70,'Meleth Erinna',6,35,11,15,9,45,5,14,26,50,14,10,26,40,9,13,18,6),
(71,'Dall Ernannda',2,40,15,7,18,50,6,9,35,35,9,10,16,45,6,7,32,2),
(72,'Dal Ryannia',6,45,15,9,21,50,10,14,26,40,15,8,17,35,8,12,15,6),
(73,'Garsz Huddi',21,45,15,12,18,35,7,14,14,40,13,12,15,50,13,8,29,21),
(74,'Haszaffar Juszil',22,50,9,8,33,40,10,6,24,45,14,10,21,35,8,6,21,22),
(75,'Razibi Haszab',8,45,15,9,21,35,8,9,18,50,15,12,23,40,11,6,23,8),
(76,'Birdal Juszab',7,40,13,6,21,45,7,9,29,50,5,6,39,35,5,6,24,7),
(77,'Hirdah Kar',15,40,10,10,20,50,8,9,33,45,12,12,21,35,9,7,19,15),
(78,'Katerk Abbal',1,40,6,9,25,50,13,14,23,35,12,14,9,45,14,12,19,1),
(79,'Ul\'Hasszra Alif',2,35,12,12,11,50,8,7,35,40,9,14,17,45,6,13,26,2),
(80,'Hiruni Haszir',21,35,8,11,16,50,9,15,26,45,7,9,29,40,5,5,30,21),
(81,'Katt Husztad',22,35,6,8,21,50,9,9,32,45,8,12,25,40,6,12,22,22),
(82,'Haga Nan',14,40,15,8,17,45,11,15,19,50,7,15,28,35,9,9,17,14),
(83,'Szim Hussa',9,50,9,8,33,35,12,12,11,45,5,12,28,40,7,6,27,9),
(84,'Miruni Ammen',2,35,11,15,9,45,5,14,26,50,6,7,37,40,10,9,21,2),
(85,'Mirdi Zaida',5,40,5,11,24,45,11,13,21,50,8,13,29,35,5,15,15,5),
(86,'Bah Hurrina',11,50,8,11,31,45,11,6,28,40,5,13,22,35,10,15,10,11),
(87,'Firdi Ezmellath',3,50,14,7,29,45,10,7,28,40,8,15,17,35,8,11,16,3),
(88,'Ghaffared Laylan',19,50,13,10,27,35,11,15,9,45,15,10,20,40,8,12,20,19),
(89,'Kera Mirda',7,50,6,11,33,45,14,9,22,35,9,11,15,40,9,12,19,7),
(90,'Khad Zsanna',3,40,15,13,12,45,12,13,20,50,7,5,38,35,15,13,7,3),
(91,'Delape Sha',11,45,8,6,31,40,7,10,23,50,13,11,26,35,9,11,15,11),
(92,'Ebe Ardzsana',14,40,9,10,21,35,11,6,18,50,15,8,27,45,12,14,19,14),
(93,'Bezsin Kra',22,45,6,6,33,40,7,10,23,50,12,6,32,35,11,5,19,22),
(94,'Bura Layla',13,40,10,14,16,45,14,5,26,50,7,14,29,35,12,8,15,13),
(95,'Beni Fettiarina',5,50,5,9,36,35,15,14,6,40,8,11,21,45,5,5,35,5),
(96,'Birund Kaia',12,45,13,11,21,50,5,12,33,40,9,13,18,35,6,5,24,12),
(97,'Limmeakha Hinien',16,50,14,5,31,45,11,9,25,40,5,9,26,35,10,6,19,16),
(98,'Turio Awal',8,50,8,13,29,45,11,8,26,40,9,10,21,35,6,6,23,8),
(99,'Hilla Harel',20,45,8,7,30,50,14,8,28,35,12,14,9,40,12,5,23,20),
(100,'Siey Shion',14,35,8,12,15,50,7,5,38,40,10,7,23,45,15,13,17,14),
(101,'Limmeakhan Akiyras',22,35,7,14,14,45,5,12,28,40,9,13,18,50,13,8,29,22),
(102,'Sel Claen',14,50,13,6,31,45,8,14,23,40,13,11,16,35,10,7,18,14),
(103,'A\'Cahiss Urvina',16,40,7,7,26,45,6,12,27,35,5,8,22,50,8,11,31,16),
(104,'Lill Samatos',7,5,7,12,26,50,13,8,29,40,14,11,15,35,15,9,11,7),
(105,'An\'ar Tar',9,35,10,6,19,45,6,7,32,50,7,13,30,40,12,13,15,9),
(106,'Mall Akiyren',16,40,6,8,26,50,5,12,33,35,12,10,13,45,12,6,27,16),
(107,'Belina\'Yll Yanarieth',21,50,5,15,30,45,9,11,25,35,8,8,19,40,11,11,18,21),
(108,'Bel Shen',9,40,10,14,16,50,8,5,37,35,14,10,11,45,12,12,21,9),
(109,'Narnyessal Janna',14,50,7,14,29,35,9,7,19,40,8,14,18,45,7,6,32,14),
(110,'Luminel Enua',20,50,14,13,23,45,15,8,22,40,12,11,17,35,10,11,14,20),
(111,'Tylla Leirriona',3,35,14,9,12,45,12,14,19,40,8,9,23,50,7,6,37,3),
(112,'Anar Lina',8,40,13,15,12,50,14,7,29,35,9,7,19,45,14,9,22,8),
(113,'Treenet Illesaluna',2,45,13,14,18,50,9,15,26,40,8,12,20,35,5,11,19,2),
(114,'Tyll Ellara',14,35,9,12,14,40,10,15,15,45,14,12,19,50,9,7,34,14),
(115,'Zeidar Shassel',7,45,9,13,23,40,14,6,20,50,5,15,30,35,7,14,14,7),
(116,'Lyess Aschona',6,50,8,15,27,40,8,14,18,45,9,12,24,35,7,10,18,6),
(117,'A\'Cahissal Seeassilly',21,45,13,15,17,50,5,5,40,35,12,8,15,40,13,15,12,21),
(118,'Zeidarel Seea',22,50,12,10,28,40,15,5,20,35,14,7,14,45,15,6,24,22),
(119,'Denetaar Shas',3,35,7,11,17,40,6,5,29,45,5,7,33,50,14,6,30,3),
(120,'Turion Sersyel',16,50,5,15,30,35,7,10,18,40,9,10,21,45,8,11,26,16),
(121,'Ogei Yigu',16,50,10,13,27,40,12,15,13,45,9,7,29,35,13,7,15,16),
(122,'Setama Kusoechi',6,40,15,6,19,35,6,6,23,50,5,12,33,45,14,12,19,6),
(123,'Agorigayu Keshue',21,50,15,14,21,45,10,15,20,40,12,6,22,35,11,6,18,21),
(124,'Higa Henso',18,35,7,6,22,45,6,11,28,40,12,9,19,50,8,7,35,18),
(125,'Higayu Kisinaguro',17,50,6,13,31,35,11,14,10,40,8,11,21,45,7,13,25,17),
(126,'Uri Kibei',11,50,15,15,20,45,5,5,35,40,6,8,26,35,6,14,15,11),
(127,'Gokkan Sanetaroda',7,35,5,14,16,50,7,7,36,45,14,11,20,40,5,8,27,7),
(128,'Jaeda Akeshu',9,50,10,6,34,45,11,7,27,35,12,15,8,40,8,7,25,9),
(129,'Ato Tarodaro',17,40,7,11,22,45,7,7,31,35,7,5,23,50,15,11,24,17),
(130,'Matogoreda Akeshi',19,50,12,6,32,40,13,9,18,45,9,14,22,35,6,11,18,19),
(131,'Jaedasite Jaramaku',14,35,13,10,12,50,8,10,32,40,11,13,16,45,10,15,20,14),
(132,'Vare Keshi',7,40,14,11,15,45,13,14,18,50,9,11,30,35,7,14,14,7),
(133,'Higayu Umi',4,50,6,14,30,40,7,15,18,45,5,5,35,35,9,10,16,4),
(134,'Vareda Harumi',10,40,13,14,13,45,14,8,23,35,9,6,20,50,13,15,22,10),
(135,'Jaeda Shamika',21,40,13,11,16,50,7,13,30,45,9,11,25,35,15,7,13,21),
(136,'Ogei Yumi',8,40,8,9,23,35,8,10,17,45,11,10,24,50,13,15,22,8),
(137,'Szatoroda Ari',20,35,12,10,13,50,12,14,24,40,15,9,16,45,14,10,21,20),
(138,'Dama Umiko',2,45,8,13,24,50,5,5,40,35,5,13,17,40,15,11,14,2),
(139,'Atogura Umiko',16,35,5,6,24,40,8,6,26,50,11,15,24,45,5,11,29,16),
(140,'Uriga Arika',11,45,13,12,20,35,15,5,15,40,12,10,18,50,10,5,35,11),
(141,'Szatsu Cunagi',12,40,11,11,18,45,7,12,26,50,8,12,30,35,7,12,16,12),
(142,'Rogore Onimi',16,40,5,12,23,50,10,7,33,45,12,7,26,35,5,7,23,16),
(143,'Gokkan Icurika',6,45,7,6,32,35,15,8,12,50,5,10,35,40,5,13,22,6);

-- --------------------------------------------------------

--
-- Tábla szerkezet ehhez a táblához `charactersskills`
--

DROP TABLE IF EXISTS `charactersskills`;
CREATE TABLE `charactersskills` (
  `CharacterId` int(11) DEFAULT NULL,
  `SkillId` int(11) DEFAULT NULL
) ENGINE=InnoDB DEFAULT CHARSET=utf8mb4;

--
-- A tábla adatainak kiíratása `charactersskills`
--

INSERT INTO `charactersskills` (`CharacterId`, `SkillId`) VALUES
(1, 23),
(1, 100),
(1, 122),
(1, 148),
(1, 80),
(1, 103),
(1, 83),
(2, 148),
(2, 54),
(2, 62),
(2, 59),
(2, 18),
(2, 24),
(2, 119),
(3, 85),
(3, 108),
(3, 144),
(3, 149),
(3, 76),
(3, 12),
(3, 47),
(4, 62),
(4, 57),
(4, 88),
(4, 113),
(4, 142),
(4, 5),
(4, 26),
(4, 67),
(5, 89),
(5, 78),
(5, 80),
(5, 123),
(5, 124),
(5, 115),
(5, 144),
(5, 78),
(5, 74),
(6, 7),
(6, 111),
(6, 1),
(6, 99),
(7, 72),
(7, 8),
(7, 17),
(7, 116),
(8, 10),
(8, 25),
(8, 11),
(8, 53),
(8, 2),
(8, 87),
(8, 24),
(9, 122),
(9, 102),
(9, 143),
(9, 29),
(10, 74),
(10, 81),
(10, 99),
(10, 40),
(10, 127),
(10, 114),
(10, 145),
(10, 1),
(10, 72),
(11, 10),
(11, 40),
(11, 9),
(11, 61),
(12, 67),
(12, 42),
(12, 135),
(12, 140),
(12, 62),
(12, 125),
(12, 129),
(12, 65),
(13, 28),
(13, 121),
(13, 38),
(13, 92),
(13, 129),
(13, 108),
(14, 12),
(14, 131),
(14, 116),
(14, 79),
(14, 18),
(14, 75),
(14, 33),
(14, 33),
(15, 123),
(15, 94),
(15, 90),
(15, 23),
(15, 2),
(15, 13),
(16, 26),
(16, 65),
(16, 101),
(16, 81),
(16, 120),
(16, 4),
(16, 119),
(16, 23),
(16, 98),
(17, 33),
(17, 12),
(17, 7),
(17, 76),
(18, 24),
(18, 116),
(18, 30),
(18, 151),
(18, 62),
(18, 45),
(19, 94),
(19, 145),
(19, 10),
(19, 102),
(19, 84),
(19, 92),
(19, 32),
(19, 39),
(19, 42),
(20, 15),
(20, 127),
(20, 13),
(20, 27),
(20, 28),
(20, 28),
(21, 9),
(21, 12),
(21, 94),
(21, 134),
(22, 43),
(22, 21),
(22, 27),
(22, 133),
(23, 70),
(23, 126),
(23, 146),
(23, 3),
(23, 104),
(23, 101),
(24, 124),
(24, 108),
(24, 71),
(24, 18),
(24, 72),
(25, 144),
(25, 59),
(25, 128),
(25, 120),
(25, 150),
(26, 64),
(26, 27),
(26, 148),
(26, 89),
(26, 25),
(27, 50),
(27, 104),
(27, 1),
(27, 93),
(27, 103),
(27, 142),
(27, 76),
(27, 104),
(27, 23),
(28, 65),
(28, 49),
(28, 63),
(28, 64),
(28, 27),
(28, 122),
(28, 56),
(28, 73),
(29, 140),
(29, 90),
(29, 137),
(29, 103),
(29, 76),
(29, 26),
(29, 75),
(29, 23),
(30, 69),
(30, 43),
(30, 74),
(30, 38),
(30, 121),
(30, 13),
(30, 54),
(30, 149),
(30, 44),
(31, 6),
(31, 82),
(31, 95),
(31, 120),
(31, 6),
(32, 146),
(32, 79),
(32, 58),
(32, 87),
(32, 5),
(33, 124),
(33, 76),
(33, 132),
(33, 38),
(33, 54),
(33, 66),
(33, 2),
(34, 68),
(34, 28),
(34, 119),
(34, 80),
(34, 36),
(34, 132),
(34, 40),
(35, 80),
(35, 50),
(35, 10),
(35, 30),
(35, 78),
(36, 67),
(36, 28),
(36, 45),
(36, 122),
(37, 73),
(37, 82),
(37, 99),
(37, 18),
(37, 89),
(37, 143),
(37, 127),
(37, 72),
(37, 151),
(38, 83),
(38, 112),
(38, 141),
(38, 148),
(38, 119),
(38, 116),
(39, 116),
(39, 15),
(39, 84),
(39, 26),
(39, 142),
(39, 119),
(39, 152),
(39, 8),
(39, 77),
(40, 17),
(40, 100),
(40, 10),
(40, 105),
(40, 146),
(40, 84),
(40, 87),
(40, 81),
(40, 148),
(41, 10),
(41, 30),
(41, 90),
(41, 61),
(41, 61),
(41, 42),
(41, 122),
(41, 150),
(42, 22),
(42, 34),
(42, 112),
(42, 62),
(42, 90),
(42, 64),
(42, 30),
(43, 106),
(43, 84),
(43, 115),
(43, 100),
(43, 10),
(44, 16),
(44, 111),
(44, 125),
(44, 141),
(45, 90),
(45, 29),
(45, 55),
(45, 68),
(45, 123),
(45, 146),
(45, 120),
(45, 86),
(46, 24),
(46, 118),
(46, 100),
(46, 149),
(46, 2),
(46, 71),
(46, 56),
(47, 57),
(47, 39),
(47, 73),
(47, 41),
(47, 116),
(47, 46),
(47, 133),
(48, 34),
(48, 23),
(48, 152),
(48, 19),
(48, 74),
(48, 103),
(48, 89),
(48, 53),
(48, 17),
(49, 61),
(49, 120),
(49, 119),
(49, 142),
(49, 68),
(49, 122),
(50, 105),
(50, 15),
(50, 141),
(50, 136),
(50, 118),
(50, 98),
(50, 92),
(50, 109),
(50, 74),
(51, 87),
(51, 69),
(51, 65),
(51, 126),
(51, 136),
(51, 74),
(52, 89),
(52, 124),
(52, 121),
(52, 68),
(52, 4),
(52, 74),
(53, 48),
(53, 133),
(53, 94),
(53, 11),
(53, 89),
(54, 68),
(54, 123),
(54, 104),
(54, 63),
(54, 12),
(54, 31),
(54, 144),
(54, 15),
(55, 77),
(55, 61),
(55, 62),
(55, 152),
(55, 49),
(55, 3),
(56, 104),
(56, 87),
(56, 77),
(56, 46),
(56, 49),
(56, 53),
(56, 96),
(56, 1),
(56, 63),
(57, 94),
(57, 112),
(57, 88),
(57, 138),
(57, 4),
(57, 81),
(57, 20),
(58, 139),
(58, 116),
(58, 118),
(58, 3),
(58, 115),
(58, 105),
(58, 83),
(59, 22),
(59, 48),
(59, 60),
(59, 6),
(59, 5),
(59, 25),
(60, 64),
(60, 30),
(60, 8),
(60, 86),
(60, 44),
(61, 15),
(61, 28),
(61, 103),
(61, 152),
(61, 64),
(61, 90),
(61, 32),
(62, 83),
(62, 74),
(62, 133),
(62, 43),
(62, 53),
(62, 63),
(62, 40),
(63, 102),
(63, 124),
(63, 125),
(63, 115),
(64, 32),
(64, 49),
(64, 94),
(64, 57),
(64, 96),
(64, 69),
(64, 86),
(64, 25),
(64, 109),
(65, 148),
(65, 129),
(65, 22),
(65, 124),
(65, 88),
(65, 16),
(65, 3),
(65, 52),
(65, 15),
(66, 130),
(66, 91),
(66, 126),
(66, 79),
(66, 116),
(67, 115),
(67, 140),
(67, 46),
(67, 81),
(67, 37),
(67, 114),
(67, 81),
(67, 85),
(68, 132),
(68, 9),
(68, 96),
(68, 120),
(68, 21),
(68, 99),
(68, 54),
(68, 127),
(68, 79),
(69, 66),
(69, 31),
(69, 91),
(69, 104),
(69, 3),
(69, 99),
(69, 73),
(69, 110),
(69, 65),
(70, 93),
(70, 75),
(70, 15),
(70, 94),
(71, 107),
(71, 99),
(71, 132),
(71, 28),
(71, 112),
(71, 34),
(71, 48),
(71, 90),
(71, 140),
(72, 8),
(72, 60),
(72, 85),
(72, 147),
(72, 105),
(72, 76),
(72, 117),
(72, 48),
(73, 50),
(73, 74),
(73, 24),
(73, 36),
(73, 43),
(73, 134),
(73, 116),
(74, 17),
(74, 69),
(74, 44),
(74, 57),
(75, 3),
(75, 128),
(75, 67),
(75, 1),
(75, 75),
(75, 99),
(75, 119),
(75, 104),
(75, 19),
(76, 103),
(76, 148),
(76, 147),
(76, 40),
(76, 141),
(76, 116),
(76, 112),
(77, 128),
(77, 27),
(77, 74),
(77, 44),
(77, 71),
(77, 83),
(77, 63),
(78, 47),
(78, 148),
(78, 31),
(78, 31),
(78, 22),
(78, 97),
(78, 52),
(79, 57),
(79, 109),
(79, 81),
(79, 104),
(80, 19),
(80, 81),
(80, 143),
(80, 32),
(81, 74),
(81, 41),
(81, 49),
(81, 94),
(81, 128),
(81, 40),
(81, 57),
(81, 129),
(81, 68),
(82, 73),
(82, 112),
(82, 57),
(82, 136),
(82, 91),
(83, 52),
(83, 124),
(83, 73),
(83, 140),
(83, 72),
(83, 7),
(83, 96),
(83, 133),
(83, 135),
(84, 36),
(84, 8),
(84, 91),
(84, 110),
(84, 99),
(85, 12),
(85, 91),
(85, 10),
(85, 22),
(85, 41),
(85, 105),
(85, 21),
(86, 127),
(86, 45),
(86, 29),
(86, 22),
(86, 95),
(86, 98),
(86, 53),
(86, 98),
(86, 14),
(87, 119),
(87, 110),
(87, 70),
(87, 45),
(88, 67),
(88, 97),
(88, 68),
(88, 112),
(88, 96),
(88, 5),
(89, 39),
(89, 111),
(89, 85),
(89, 142),
(89, 100),
(90, 126),
(90, 69),
(90, 98),
(90, 100),
(90, 103),
(90, 83),
(90, 13),
(90, 28),
(91, 75),
(91, 39),
(91, 37),
(91, 132),
(91, 91),
(91, 147),
(91, 74),
(91, 144),
(91, 141),
(92, 119),
(92, 30),
(92, 95),
(92, 77),
(93, 146),
(93, 77),
(93, 139),
(93, 78),
(93, 6),
(93, 71),
(93, 90),
(93, 105),
(94, 87),
(94, 124),
(94, 97),
(94, 71),
(94, 19),
(94, 8),
(94, 140),
(94, 32),
(94, 34),
(95, 23),
(95, 30),
(95, 75),
(95, 117),
(95, 67),
(95, 55),
(95, 117),
(96, 96),
(96, 128),
(96, 133),
(96, 89),
(96, 31),
(96, 145),
(96, 125),
(96, 106),
(97, 97),
(97, 88),
(97, 22),
(97, 59),
(97, 138),
(98, 39),
(98, 45),
(98, 119),
(98, 50),
(98, 4),
(98, 125),
(98, 133),
(99, 88),
(99, 149),
(99, 6),
(99, 55),
(99, 96),
(100, 113),
(100, 72),
(100, 23),
(100, 42),
(100, 104),
(100, 146),
(101, 18),
(101, 150),
(101, 94),
(101, 105),
(101, 98),
(101, 65),
(101, 134),
(101, 44),
(101, 96),
(102, 31),
(102, 37),
(102, 96),
(102, 36),
(103, 100),
(103, 6),
(103, 114),
(103, 146),
(103, 115),
(103, 102),
(104, 93),
(104, 26),
(104, 90),
(104, 30),
(104, 35),
(105, 25),
(105, 66),
(105, 133),
(105, 108),
(105, 145),
(105, 109),
(106, 48),
(106, 26),
(106, 97),
(106, 58),
(107, 152),
(107, 135),
(107, 144),
(107, 137),
(107, 127),
(107, 19),
(108, 36),
(108, 41),
(108, 124),
(108, 18),
(109, 111),
(109, 31),
(109, 29),
(109, 124),
(109, 58),
(109, 68),
(109, 16),
(110, 30),
(110, 68),
(110, 20),
(110, 31),
(110, 32),
(110, 76),
(111, 140),
(111, 15),
(111, 25),
(111, 75),
(111, 61),
(112, 86),
(112, 116),
(112, 119),
(112, 55),
(112, 108),
(112, 51),
(113, 30),
(113, 152),
(113, 26),
(113, 53),
(113, 48),
(113, 53),
(114, 115),
(114, 80),
(114, 51),
(114, 142),
(114, 110),
(114, 81),
(114, 142),
(114, 31),
(114, 84),
(115, 113),
(115, 106),
(115, 52),
(115, 126),
(115, 13),
(115, 22),
(115, 16),
(115, 49),
(116, 25),
(116, 25),
(116, 67),
(116, 62),
(116, 69),
(116, 103),
(116, 18),
(116, 97),
(117, 31),
(117, 42),
(117, 119),
(117, 135),
(117, 132),
(118, 82),
(118, 60),
(118, 117),
(118, 36),
(118, 118),
(118, 133),
(118, 67),
(119, 32),
(119, 3),
(119, 95),
(119, 3),
(119, 152),
(119, 98),
(120, 131),
(120, 11),
(120, 4),
(120, 92),
(121, 125),
(121, 48),
(121, 19),
(121, 134),
(121, 40),
(122, 137),
(122, 103),
(122, 152),
(122, 43),
(122, 150),
(122, 130),
(122, 126),
(123, 45),
(123, 106),
(123, 58),
(123, 132),
(123, 84),
(123, 129),
(123, 110),
(123, 121),
(124, 59),
(124, 127),
(124, 100),
(124, 18),
(124, 151),
(125, 53),
(125, 32),
(125, 115),
(125, 44),
(126, 107),
(126, 35),
(126, 42),
(126, 135),
(126, 149),
(126, 26),
(126, 148),
(126, 117),
(127, 142),
(127, 6),
(127, 118),
(127, 29),
(127, 28),
(127, 54),
(128, 74),
(128, 31),
(128, 73),
(128, 116),
(128, 70),
(128, 5),
(129, 112),
(129, 8),
(129, 92),
(129, 74),
(130, 80),
(130, 100),
(130, 11),
(130, 35),
(130, 86),
(130, 23),
(130, 19),
(130, 11),
(130, 65),
(131, 136),
(131, 58),
(131, 133),
(131, 146),
(131, 65),
(131, 46),
(132, 10),
(132, 71),
(132, 143),
(132, 98),
(132, 113),
(132, 132),
(133, 43),
(133, 81),
(133, 34),
(133, 103),
(134, 82),
(134, 128),
(134, 57),
(134, 104),
(135, 37),
(135, 109),
(135, 131),
(135, 124),
(136, 7),
(136, 9),
(136, 44),
(136, 151),
(136, 151),
(137, 15),
(137, 135),
(137, 77),
(137, 92),
(137, 119),
(138, 151),
(138, 21),
(138, 84),
(138, 41),
(138, 120),
(138, 121),
(139, 145),
(139, 6),
(139, 141),
(139, 69),
(140, 135),
(140, 100),
(140, 80),
(140, 107),
(140, 124),
(140, 110),
(140, 109),
(140, 67),
(140, 82),
(141, 65),
(141, 134),
(141, 55),
(141, 114),
(141, 133),
(141, 107),
(141, 28),
(141, 98),
(141, 110),
(142, 56),
(142, 23),
(142, 129),
(142, 36),
(143, 121),
(143, 70),
(143, 140),
(143, 122);

-- --------------------------------------------------------

--
-- Tábla szerkezet ehhez a táblához `charisms`
--

DROP TABLE IF EXISTS `charisms`;
CREATE TABLE `charisms` (
  `Id` int(11) NOT NULL,
  `Description` text DEFAULT NULL,
  `AppearanceDescription` text DEFAULT NULL,
  `AppearanceMin` int(11) DEFAULT NULL,
  `AppearanceMax` int(11) DEFAULT NULL,
  `InfluenceDescription` text DEFAULT NULL,
  `InfluenceMin` int(11) DEFAULT NULL,
  `InfluenceMax` int(11) DEFAULT NULL,
  `LuckDescription` text DEFAULT NULL,
  `LuckMin` int(11) DEFAULT NULL,
  `LuckMax` int(11) DEFAULT NULL
) ENGINE=InnoDB DEFAULT CHARSET=utf8mb4;

--
-- A tábla adatainak kiíratása `charisms`
--

INSERT INTO `charisms` (`Id`, `Description`, `AppearanceDescription`, `AppearanceMin`, `AppearanceMax`, `InfluenceDescription`, `InfluenceMin`, `InfluenceMax`, `LuckDescription`, `LuckMin`, `LuckMax`) VALUES
(1, 'Megmutatja, hogy a karakter mennyire tud hatással lenni másokra, illetve mennyire tudja megtéveszteni azokat. Minél magasabb a Charismája, annál könnyebben rá tud venni valakit valamire. Ezen kívül jelzi, hogy milyen a többiek hozzánk viszonyulása. Aktív bónusz: Attitude számítás. Passzív bónusz: -', 'Megmutatja, hogy a karakter milyen fizikai megjelenéssel rendelkezik. Aktív bónusz: Karakterünkhöz való viszonyulás, hozzáállás. Mennyire barátságosak vagy barátságtalanok vele szemben. Milyen gyorsan sietnek a segítségére. Passzív bónusz: Szociális képzettségek elleni mentődobás, meggyőzés, szerencsepróba.', 5, 20, 'Megmutatja, hogy mekkora befolyással tudunk lenni a környezetünkre, másokra. Mennyire tudjuk a környezetünkben lévők véleményét befolyásolni, alakítani, illetve szónokolni, tömegek élére állni. Aktív bónusz: Karakterünkhöz való viszonyulás változása interakció során. Passzív bónusz: Maximálisan felvehető NPC-k száma.', 3, 15, 'Megmutatja, hogy a karakter mennyire szerencsés. Hogy befolyásolja a külső tényezők változása a cselekvésének végkimenetelét. Aktív bónusz: Szerencsepróba, a karakter mennyire van ráutalva a képességeire, tulajdoságaira. Passzív bónusz: Területre ható hatások csökkentése, kivédése, elkerülése. Szerencsepróba', 5, 15),
(2, 'Megmutatja, hogy a karakter mennyire tud hatással lenni másokra, illetve mennyire tudja megtéveszteni azokat. Minél magasabb a Charismája, annál könnyebben rá tud venni valakit valamire. Ezen kívül jelzi, hogy milyen a többiek hozzánk viszonyulása. Aktív bónusz: Attitude számítás. Passzív bónusz: -', 'Megmutatja, hogy a karakter milyen fizikai megjelenéssel rendelkezik. Aktív bónusz: Karakterünkhöz való viszonyulás, hozzáállás. Mennyire barátságosak vagy barátságtalanok vele szemben. Milyen gyorsan sietnek a segítségére. Passzív bónusz: Szociális képzettségek elleni mentődobás, meggyőzés, szerencsepróba.', 5, 20, 'Megmutatja, hogy mekkora befolyással tudunk lenni a környezetünkre, másokra. Mennyire tudjuk a környezetünkben lévők véleményét befolyásolni, alakítani, illetve szónokolni, tömegek élére állni. Aktív bónusz: Karakterünkhöz való viszonyulás változása interakció során. Passzív bónusz: Maximálisan felvehető NPC-k száma.', 3, 15, 'Megmutatja, hogy a karakter mennyire szerencsés. Hogy befolyásolja a külső tényezők változása a cselekvésének végkimenetelét. Aktív bónusz: Szerencsepróba, a karakter mennyire van ráutalva a képességeire, tulajdoságaira. Passzív bónusz: Területre ható hatások csökkentése, kivédése, elkerülése. Szerencsepróba', 5, 15),
(3, 'Megmutatja, hogy a karakter mennyire tud hatással lenni másokra, illetve mennyire tudja megtéveszteni azokat. Minél magasabb a Charismája, annál könnyebben rá tud venni valakit valamire. Ezen kívül jelzi, hogy milyen a többiek hozzánk viszonyulása. Aktív bónusz: Attitude számítás. Passzív bónusz: -', 'Megmutatja, hogy a karakter milyen fizikai megjelenéssel rendelkezik. Aktív bónusz: Karakterünkhöz való viszonyulás, hozzáállás. Mennyire barátságosak vagy barátságtalanok vele szemben. Milyen gyorsan sietnek a segítségére. Passzív bónusz: Szociális képzettségek elleni mentődobás, meggyőzés, szerencsepróba.', 3, 12, 'Megmutatja, hogy mekkora befolyással tudunk lenni a környezetünkre, másokra. Mennyire tudjuk a környezetünkben lévők véleményét befolyásolni, alakítani, illetve szónokolni, tömegek élére állni. Aktív bónusz: Karakterünkhöz való viszonyulás változása interakció során. Passzív bónusz: Maximálisan felvehető NPC-k száma.', 3, 14, 'Megmutatja, hogy a karakter mennyire szerencsés. Hogy befolyásolja a külső tényezők változása a cselekvésének végkimenetelét. Aktív bónusz: Szerencsepróba, a karakter mennyire van ráutalva a képességeire, tulajdoságaira. Passzív bónusz: Területre ható hatások csökkentése, kivédése, elkerülése. Szerencsepróba', 3, 25),
(4, 'Megmutatja, hogy a karakter mennyire tud hatással lenni másokra, illetve mennyire tudja megtéveszteni azokat. Minél magasabb a Charismája, annál könnyebben rá tud venni valakit valamire. Ezen kívül jelzi, hogy milyen a többiek hozzánk viszonyulása. Aktív bónusz: Attitude számítás. Passzív bónusz: -', 'Megmutatja, hogy a karakter milyen fizikai megjelenéssel rendelkezik. Aktív bónusz: Karakterünkhöz való viszonyulás, hozzáállás. Mennyire barátságosak vagy barátságtalanok vele szemben. Milyen gyorsan sietnek a segítségére. Passzív bónusz: Szociális képzettségek elleni mentődobás, meggyőzés, szerencsepróba.', 3, 12, 'Megmutatja, hogy mekkora befolyással tudunk lenni a környezetünkre, másokra. Mennyire tudjuk a környezetünkben lévők véleményét befolyásolni, alakítani, illetve szónokolni, tömegek élére állni. Aktív bónusz: Karakterünkhöz való viszonyulás változása interakció során. Passzív bónusz: Maximálisan felvehető NPC-k száma.', 3, 14, 'Megmutatja, hogy a karakter mennyire szerencsés. Hogy befolyásolja a külső tényezők változása a cselekvésének végkimenetelét. Aktív bónusz: Szerencsepróba, a karakter mennyire van ráutalva a képességeire, tulajdoságaira. Passzív bónusz: Területre ható hatások csökkentése, kivédése, elkerülése. Szerencsepróba', 3, 25),
(5, 'Megmutatja, hogy a karakter mennyire tud hatással lenni másokra, illetve mennyire tudja megtéveszteni azokat. Minél magasabb a Charismája, annál könnyebben rá tud venni valakit valamire. Ezen kívül jelzi, hogy milyen a többiek hozzánk viszonyulása. Aktív bónusz: Attitude számítás. Passzív bónusz: -', 'Megmutatja, hogy a karakter milyen fizikai megjelenéssel rendelkezik. Aktív bónusz: Karakterünkhöz való viszonyulás, hozzáállás. Mennyire barátságosak vagy barátságtalanok vele szemben. Milyen gyorsan sietnek a segítségére. Passzív bónusz: Szociális képzettségek elleni mentődobás, meggyőzés, szerencsepróba.', 3, 20, 'Megmutatja, hogy mekkora befolyással tudunk lenni a környezetünkre, másokra. Mennyire tudjuk a környezetünkben lévők véleményét befolyásolni, alakítani, illetve szónokolni, tömegek élére állni. Aktív bónusz: Karakterünkhöz való viszonyulás változása interakció során. Passzív bónusz: Maximálisan felvehető NPC-k száma.', 3, 20, 'Megmutatja, hogy a karakter mennyire szerencsés. Hogy befolyásolja a külső tényezők változása a cselekvésének végkimenetelét. Aktív bónusz: Szerencsepróba, a karakter mennyire van ráutalva a képességeire, tulajdoságaira. Passzív bónusz: Területre ható hatások csökkentése, kivédése, elkerülése. Szerencsepróba', 3, 20),
(6, 'Megmutatja, hogy a karakter mennyire tud hatással lenni másokra, illetve mennyire tudja megtéveszteni azokat. Minél magasabb a Charismája, annál könnyebben rá tud venni valakit valamire. Ezen kívül jelzi, hogy milyen a többiek hozzánk viszonyulása. Aktív bónusz: Attitude számítás. Passzív bónusz: -', 'Megmutatja, hogy a karakter milyen fizikai megjelenéssel rendelkezik. Aktív bónusz: Karakterünkhöz való viszonyulás, hozzáállás. Mennyire barátságosak vagy barátságtalanok vele szemben. Milyen gyorsan sietnek a segítségére. Passzív bónusz: Szociális képzettségek elleni mentődobás, meggyőzés, szerencsepróba.', 3, 20, 'Megmutatja, hogy mekkora befolyással tudunk lenni a környezetünkre, másokra. Mennyire tudjuk a környezetünkben lévők véleményét befolyásolni, alakítani, illetve szónokolni, tömegek élére állni. Aktív bónusz: Karakterünkhöz való viszonyulás változása interakció során. Passzív bónusz: Maximálisan felvehető NPC-k száma.', 3, 20, 'Megmutatja, hogy a karakter mennyire szerencsés. Hogy befolyásolja a külső tényezők változása a cselekvésének végkimenetelét. Aktív bónusz: Szerencsepróba, a karakter mennyire van ráutalva a képességeire, tulajdoságaira. Passzív bónusz: Területre ható hatások csökkentése, kivédése, elkerülése. Szerencsepróba', 3, 20),
(7, 'Megmutatja, hogy a karakter mennyire tud hatással lenni másokra, illetve mennyire tudja megtéveszteni azokat. Minél magasabb a Charismája, annál könnyebben rá tud venni valakit valamire. Ezen kívül jelzi, hogy milyen a többiek hozzánk viszonyulása. Aktív bónusz: Attitude számítás. Passzív bónusz: -', 'Megmutatja, hogy a karakter milyen fizikai megjelenéssel rendelkezik. Aktív bónusz: Karakterünkhöz való viszonyulás, hozzáállás. Mennyire barátságosak vagy barátságtalanok vele szemben. Milyen gyorsan sietnek a segítségére. Passzív bónusz: Szociális képzettségek elleni mentődobás, meggyőzés, szerencsepróba.', 3, 12, 'Megmutatja, hogy mekkora befolyással tudunk lenni a környezetünkre, másokra. Mennyire tudjuk a környezetünkben lévők véleményét befolyásolni, alakítani, illetve szónokolni, tömegek élére állni. Aktív bónusz: Karakterünkhöz való viszonyulás változása interakció során. Passzív bónusz: Maximálisan felvehető NPC-k száma.', 3, 14, 'Megmutatja, hogy a karakter mennyire szerencsés. Hogy befolyásolja a külső tényezők változása a cselekvésének végkimenetelét. Aktív bónusz: Szerencsepróba, a karakter mennyire van ráutalva a képességeire, tulajdoságaira. Passzív bónusz: Területre ható hatások csökkentése, kivédése, elkerülése. Szerencsepróba', 3, 25),
(8, 'Megmutatja, hogy a karakter mennyire tud hatással lenni másokra, illetve mennyire tudja megtéveszteni azokat. Minél magasabb a Charismája, annál könnyebben rá tud venni valakit valamire. Ezen kívül jelzi, hogy milyen a többiek hozzánk viszonyulása. Aktív bónusz: Attitude számítás. Passzív bónusz: -', 'Megmutatja, hogy a karakter milyen fizikai megjelenéssel rendelkezik. Aktív bónusz: Karakterünkhöz való viszonyulás, hozzáállás. Mennyire barátságosak vagy barátságtalanok vele szemben. Milyen gyorsan sietnek a segítségére. Passzív bónusz: Szociális képzettségek elleni mentődobás, meggyőzés, szerencsepróba.', 3, 12, 'Megmutatja, hogy mekkora befolyással tudunk lenni a környezetünkre, másokra. Mennyire tudjuk a környezetünkben lévők véleményét befolyásolni, alakítani, illetve szónokolni, tömegek élére állni. Aktív bónusz: Karakterünkhöz való viszonyulás változása interakció során. Passzív bónusz: Maximálisan felvehető NPC-k száma.', 3, 14, 'Megmutatja, hogy a karakter mennyire szerencsés. Hogy befolyásolja a külső tényezők változása a cselekvésének végkimenetelét. Aktív bónusz: Szerencsepróba, a karakter mennyire van ráutalva a képességeire, tulajdoságaira. Passzív bónusz: Területre ható hatások csökkentése, kivédése, elkerülése. Szerencsepróba', 3, 25),
(9, 'Megmutatja, hogy a karakter mennyire tud hatással lenni másokra, illetve mennyire tudja megtéveszteni azokat. Minél magasabb a Charismája, annál könnyebben rá tud venni valakit valamire. Ezen kívül jelzi, hogy milyen a többiek hozzánk viszonyulása. Aktív bónusz: Attitude számítás. Passzív bónusz: -', 'Megmutatja, hogy a karakter milyen fizikai megjelenéssel rendelkezik. Aktív bónusz: Karakterünkhöz való viszonyulás, hozzáállás. Mennyire barátságosak vagy barátságtalanok vele szemben. Milyen gyorsan sietnek a segítségére. Passzív bónusz: Szociális képzettségek elleni mentődobás, meggyőzés, szerencsepróba.', 3, 20, 'Megmutatja, hogy mekkora befolyással tudunk lenni a környezetünkre, másokra. Mennyire tudjuk a környezetünkben lévők véleményét befolyásolni, alakítani, illetve szónokolni, tömegek élére állni. Aktív bónusz: Karakterünkhöz való viszonyulás változása interakció során. Passzív bónusz: Maximálisan felvehető NPC-k száma.', 3, 20, 'Megmutatja, hogy a karakter mennyire szerencsés. Hogy befolyásolja a külső tényezők változása a cselekvésének végkimenetelét. Aktív bónusz: Szerencsepróba, a karakter mennyire van ráutalva a képességeire, tulajdoságaira. Passzív bónusz: Területre ható hatások csökkentése, kivédése, elkerülése. Szerencsepróba', 3, 20),
(10, 'Megmutatja, hogy a karakter mennyire tud hatással lenni másokra, illetve mennyire tudja megtéveszteni azokat. Minél magasabb a Charismája, annál könnyebben rá tud venni valakit valamire. Ezen kívül jelzi, hogy milyen a többiek hozzánk viszonyulása. Aktív bónusz: Attitude számítás. Passzív bónusz: -', 'Megmutatja, hogy a karakter milyen fizikai megjelenéssel rendelkezik. Aktív bónusz: Karakterünkhöz való viszonyulás, hozzáállás. Mennyire barátságosak vagy barátságtalanok vele szemben. Milyen gyorsan sietnek a segítségére. Passzív bónusz: Szociális képzettségek elleni mentődobás, meggyőzés, szerencsepróba.', 3, 20, 'Megmutatja, hogy mekkora befolyással tudunk lenni a környezetünkre, másokra. Mennyire tudjuk a környezetünkben lévők véleményét befolyásolni, alakítani, illetve szónokolni, tömegek élére állni. Aktív bónusz: Karakterünkhöz való viszonyulás változása interakció során. Passzív bónusz: Maximálisan felvehető NPC-k száma.', 3, 20, 'Megmutatja, hogy a karakter mennyire szerencsés. Hogy befolyásolja a külső tényezők változása a cselekvésének végkimenetelét. Aktív bónusz: Szerencsepróba, a karakter mennyire van ráutalva a képességeire, tulajdoságaira. Passzív bónusz: Területre ható hatások csökkentése, kivédése, elkerülése. Szerencsepróba', 3, 20),
(11, 'Megmutatja, hogy a karakter mennyire tud hatással lenni másokra, illetve mennyire tudja megtéveszteni azokat. Minél magasabb a Charismája, annál könnyebben rá tud venni valakit valamire. Ezen kívül jelzi, hogy milyen a többiek hozzánk viszonyulása. Aktív bónusz: Attitude számítás. Passzív bónusz: -', 'Megmutatja, hogy a karakter milyen fizikai megjelenéssel rendelkezik. Aktív bónusz: Karakterünkhöz való viszonyulás, hozzáállás. Mennyire barátságosak vagy barátságtalanok vele szemben. Milyen gyorsan sietnek a segítségére. Passzív bónusz: Szociális képzettségek elleni mentődobás, meggyőzés, szerencsepróba.', 3, 20, 'Megmutatja, hogy mekkora befolyással tudunk lenni a környezetünkre, másokra. Mennyire tudjuk a környezetünkben lévők véleményét befolyásolni, alakítani, illetve szónokolni, tömegek élére állni. Aktív bónusz: Karakterünkhöz való viszonyulás változása interakció során. Passzív bónusz: Maximálisan felvehető NPC-k száma.', 3, 20, 'Megmutatja, hogy a karakter mennyire szerencsés. Hogy befolyásolja a külső tényezők változása a cselekvésének végkimenetelét. Aktív bónusz: Szerencsepróba, a karakter mennyire van ráutalva a képességeire, tulajdoságaira. Passzív bónusz: Területre ható hatások csökkentése, kivédése, elkerülése. Szerencsepróba', 3, 20),
(12, 'Megmutatja, hogy a karakter mennyire tud hatással lenni másokra, illetve mennyire tudja megtéveszteni azokat. Minél magasabb a Charismája, annál könnyebben rá tud venni valakit valamire. Ezen kívül jelzi, hogy milyen a többiek hozzánk viszonyulása. Aktív bónusz: Attitude számítás. Passzív bónusz: -', 'Megmutatja, hogy a karakter milyen fizikai megjelenéssel rendelkezik. Aktív bónusz: Karakterünkhöz való viszonyulás, hozzáállás. Mennyire barátságosak vagy barátságtalanok vele szemben. Milyen gyorsan sietnek a segítségére. Passzív bónusz: Szociális képzettségek elleni mentődobás, meggyőzés, szerencsepróba.', 3, 20, 'Megmutatja, hogy mekkora befolyással tudunk lenni a környezetünkre, másokra. Mennyire tudjuk a környezetünkben lévők véleményét befolyásolni, alakítani, illetve szónokolni, tömegek élére állni. Aktív bónusz: Karakterünkhöz való viszonyulás változása interakció során. Passzív bónusz: Maximálisan felvehető NPC-k száma.', 3, 20, 'Megmutatja, hogy a karakter mennyire szerencsés. Hogy befolyásolja a külső tényezők változása a cselekvésének végkimenetelét. Aktív bónusz: Szerencsepróba, a karakter mennyire van ráutalva a képességeire, tulajdoságaira. Passzív bónusz: Területre ható hatások csökkentése, kivédése, elkerülése. Szerencsepróba', 3, 20),
(13, 'Megmutatja, hogy a karakter mennyire tud hatással lenni másokra, illetve mennyire tudja megtéveszteni azokat. Minél magasabb a Charismája, annál könnyebben rá tud venni valakit valamire. Ezen kívül jelzi, hogy milyen a többiek hozzánk viszonyulása. Aktív bónusz: Attitude számítás. Passzív bónusz: -', 'Megmutatja, hogy a karakter milyen fizikai megjelenéssel rendelkezik. Aktív bónusz: Karakterünkhöz való viszonyulás, hozzáállás. Mennyire barátságosak vagy barátságtalanok vele szemben. Milyen gyorsan sietnek a segítségére. Passzív bónusz: Szociális képzettségek elleni mentődobás, meggyőzés, szerencsepróba.', 5, 20, 'Megmutatja, hogy mekkora befolyással tudunk lenni a környezetünkre, másokra. Mennyire tudjuk a környezetünkben lévők véleményét befolyásolni, alakítani, illetve szónokolni, tömegek élére állni. Aktív bónusz: Karakterünkhöz való viszonyulás változása interakció során. Passzív bónusz: Maximálisan felvehető NPC-k száma.', 3, 15, 'Megmutatja, hogy a karakter mennyire szerencsés. Hogy befolyásolja a külső tényezők változása a cselekvésének végkimenetelét. Aktív bónusz: Szerencsepróba, a karakter mennyire van ráutalva a képességeire, tulajdoságaira. Passzív bónusz: Területre ható hatások csökkentése, kivédése, elkerülése. Szerencsepróba', 5, 15),
(14, 'Megmutatja, hogy a karakter mennyire tud hatással lenni másokra, illetve mennyire tudja megtéveszteni azokat. Minél magasabb a Charismája, annál könnyebben rá tud venni valakit valamire. Ezen kívül jelzi, hogy milyen a többiek hozzánk viszonyulása. Aktív bónusz: Attitude számítás. Passzív bónusz: -', 'Megmutatja, hogy a karakter milyen fizikai megjelenéssel rendelkezik. Aktív bónusz: Karakterünkhöz való viszonyulás, hozzáállás. Mennyire barátságosak vagy barátságtalanok vele szemben. Milyen gyorsan sietnek a segítségére. Passzív bónusz: Szociális képzettségek elleni mentődobás, meggyőzés, szerencsepróba.', 5, 20, 'Megmutatja, hogy mekkora befolyással tudunk lenni a környezetünkre, másokra. Mennyire tudjuk a környezetünkben lévők véleményét befolyásolni, alakítani, illetve szónokolni, tömegek élére állni. Aktív bónusz: Karakterünkhöz való viszonyulás változása interakció során. Passzív bónusz: Maximálisan felvehető NPC-k száma.', 3, 15, 'Megmutatja, hogy a karakter mennyire szerencsés. Hogy befolyásolja a külső tényezők változása a cselekvésének végkimenetelét. Aktív bónusz: Szerencsepróba, a karakter mennyire van ráutalva a képességeire, tulajdoságaira. Passzív bónusz: Területre ható hatások csökkentése, kivédése, elkerülése. Szerencsepróba', 5, 15),
(15, 'Megmutatja, hogy a karakter mennyire tud hatással lenni másokra, illetve mennyire tudja megtéveszteni azokat. Minél magasabb a Charismája, annál könnyebben rá tud venni valakit valamire. Ezen kívül jelzi, hogy milyen a többiek hozzánk viszonyulása. Aktív bónusz: Attitude számítás. Passzív bónusz: -', 'Megmutatja, hogy a karakter milyen fizikai megjelenéssel rendelkezik. Aktív bónusz: Karakterünkhöz való viszonyulás, hozzáállás. Mennyire barátságosak vagy barátságtalanok vele szemben. Milyen gyorsan sietnek a segítségére. Passzív bónusz: Szociális képzettségek elleni mentődobás, meggyőzés, szerencsepróba.', 3, 12, 'Megmutatja, hogy mekkora befolyással tudunk lenni a környezetünkre, másokra. Mennyire tudjuk a környezetünkben lévők véleményét befolyásolni, alakítani, illetve szónokolni, tömegek élére állni. Aktív bónusz: Karakterünkhöz való viszonyulás változása interakció során. Passzív bónusz: Maximálisan felvehető NPC-k száma.', 3, 14, 'Megmutatja, hogy a karakter mennyire szerencsés. Hogy befolyásolja a külső tényezők változása a cselekvésének végkimenetelét. Aktív bónusz: Szerencsepróba, a karakter mennyire van ráutalva a képességeire, tulajdoságaira. Passzív bónusz: Területre ható hatások csökkentése, kivédése, elkerülése. Szerencsepróba', 3, 25),
(16, 'Megmutatja, hogy a karakter mennyire tud hatással lenni másokra, illetve mennyire tudja megtéveszteni azokat. Minél magasabb a Charismája, annál könnyebben rá tud venni valakit valamire. Ezen kívül jelzi, hogy milyen a többiek hozzánk viszonyulása. Aktív bónusz: Attitude számítás. Passzív bónusz: -', 'Megmutatja, hogy a karakter milyen fizikai megjelenéssel rendelkezik. Aktív bónusz: Karakterünkhöz való viszonyulás, hozzáállás. Mennyire barátságosak vagy barátságtalanok vele szemben. Milyen gyorsan sietnek a segítségére. Passzív bónusz: Szociális képzettségek elleni mentődobás, meggyőzés, szerencsepróba.', 3, 12, 'Megmutatja, hogy mekkora befolyással tudunk lenni a környezetünkre, másokra. Mennyire tudjuk a környezetünkben lévők véleményét befolyásolni, alakítani, illetve szónokolni, tömegek élére állni. Aktív bónusz: Karakterünkhöz való viszonyulás változása interakció során. Passzív bónusz: Maximálisan felvehető NPC-k száma.', 3, 14, 'Megmutatja, hogy a karakter mennyire szerencsés. Hogy befolyásolja a külső tényezők változása a cselekvésének végkimenetelét. Aktív bónusz: Szerencsepróba, a karakter mennyire van ráutalva a képességeire, tulajdoságaira. Passzív bónusz: Területre ható hatások csökkentése, kivédése, elkerülése. Szerencsepróba', 3, 25),
(17, 'Megmutatja, hogy a karakter mennyire tud hatással lenni másokra, illetve mennyire tudja megtéveszteni azokat. Minél magasabb a Charismája, annál könnyebben rá tud venni valakit valamire. Ezen kívül jelzi, hogy milyen a többiek hozzánk viszonyulása. Aktív bónusz: Attitude számítás. Passzív bónusz: -', 'Megmutatja, hogy a karakter milyen fizikai megjelenéssel rendelkezik. Aktív bónusz: Karakterünkhöz való viszonyulás, hozzáállás. Mennyire barátságosak vagy barátságtalanok vele szemben. Milyen gyorsan sietnek a segítségére. Passzív bónusz: Szociális képzettségek elleni mentődobás, meggyőzés, szerencsepróba.', 5, 20, 'Megmutatja, hogy mekkora befolyással tudunk lenni a környezetünkre, másokra. Mennyire tudjuk a környezetünkben lévők véleményét befolyásolni, alakítani, illetve szónokolni, tömegek élére állni. Aktív bónusz: Karakterünkhöz való viszonyulás változása interakció során. Passzív bónusz: Maximálisan felvehető NPC-k száma.', 3, 15, 'Megmutatja, hogy a karakter mennyire szerencsés. Hogy befolyásolja a külső tényezők változása a cselekvésének végkimenetelét. Aktív bónusz: Szerencsepróba, a karakter mennyire van ráutalva a képességeire, tulajdoságaira. Passzív bónusz: Területre ható hatások csökkentése, kivédése, elkerülése. Szerencsepróba', 5, 15),
(18, 'Megmutatja, hogy a karakter mennyire tud hatással lenni másokra, illetve mennyire tudja megtéveszteni azokat. Minél magasabb a Charismája, annál könnyebben rá tud venni valakit valamire. Ezen kívül jelzi, hogy milyen a többiek hozzánk viszonyulása. Aktív bónusz: Attitude számítás. Passzív bónusz: -', 'Megmutatja, hogy a karakter milyen fizikai megjelenéssel rendelkezik. Aktív bónusz: Karakterünkhöz való viszonyulás, hozzáállás. Mennyire barátságosak vagy barátságtalanok vele szemben. Milyen gyorsan sietnek a segítségére. Passzív bónusz: Szociális képzettségek elleni mentődobás, meggyőzés, szerencsepróba.', 5, 20, 'Megmutatja, hogy mekkora befolyással tudunk lenni a környezetünkre, másokra. Mennyire tudjuk a környezetünkben lévők véleményét befolyásolni, alakítani, illetve szónokolni, tömegek élére állni. Aktív bónusz: Karakterünkhöz való viszonyulás változása interakció során. Passzív bónusz: Maximálisan felvehető NPC-k száma.', 3, 15, 'Megmutatja, hogy a karakter mennyire szerencsés. Hogy befolyásolja a külső tényezők változása a cselekvésének végkimenetelét. Aktív bónusz: Szerencsepróba, a karakter mennyire van ráutalva a képességeire, tulajdoságaira. Passzív bónusz: Területre ható hatások csökkentése, kivédése, elkerülése. Szerencsepróba', 5, 15),
(19, 'Megmutatja, hogy a karakter mennyire tud hatással lenni másokra, illetve mennyire tudja megtéveszteni azokat. Minél magasabb a Charismája, annál könnyebben rá tud venni valakit valamire. Ezen kívül jelzi, hogy milyen a többiek hozzánk viszonyulása. Aktív bónusz: Attitude számítás. Passzív bónusz: -', 'Megmutatja, hogy a karakter milyen fizikai megjelenéssel rendelkezik. Aktív bónusz: Karakterünkhöz való viszonyulás, hozzáállás. Mennyire barátságosak vagy barátságtalanok vele szemben. Milyen gyorsan sietnek a segítségére. Passzív bónusz: Szociális képzettségek elleni mentődobás, meggyőzés, szerencsepróba.', 5, 20, 'Megmutatja, hogy mekkora befolyással tudunk lenni a környezetünkre, másokra. Mennyire tudjuk a környezetünkben lévők véleményét befolyásolni, alakítani, illetve szónokolni, tömegek élére állni. Aktív bónusz: Karakterünkhöz való viszonyulás változása interakció során. Passzív bónusz: Maximálisan felvehető NPC-k száma.', 3, 15, 'Megmutatja, hogy a karakter mennyire szerencsés. Hogy befolyásolja a külső tényezők változása a cselekvésének végkimenetelét. Aktív bónusz: Szerencsepróba, a karakter mennyire van ráutalva a képességeire, tulajdoságaira. Passzív bónusz: Területre ható hatások csökkentése, kivédése, elkerülése. Szerencsepróba', 5, 15),
(20, 'Megmutatja, hogy a karakter mennyire tud hatással lenni másokra, illetve mennyire tudja megtéveszteni azokat. Minél magasabb a Charismája, annál könnyebben rá tud venni valakit valamire. Ezen kívül jelzi, hogy milyen a többiek hozzánk viszonyulása. Aktív bónusz: Attitude számítás. Passzív bónusz: -', 'Megmutatja, hogy a karakter milyen fizikai megjelenéssel rendelkezik. Aktív bónusz: Karakterünkhöz való viszonyulás, hozzáállás. Mennyire barátságosak vagy barátságtalanok vele szemben. Milyen gyorsan sietnek a segítségére. Passzív bónusz: Szociális képzettségek elleni mentődobás, meggyőzés, szerencsepróba.', 5, 20, 'Megmutatja, hogy mekkora befolyással tudunk lenni a környezetünkre, másokra. Mennyire tudjuk a környezetünkben lévők véleményét befolyásolni, alakítani, illetve szónokolni, tömegek élére állni. Aktív bónusz: Karakterünkhöz való viszonyulás változása interakció során. Passzív bónusz: Maximálisan felvehető NPC-k száma.', 3, 15, 'Megmutatja, hogy a karakter mennyire szerencsés. Hogy befolyásolja a külső tényezők változása a cselekvésének végkimenetelét. Aktív bónusz: Szerencsepróba, a karakter mennyire van ráutalva a képességeire, tulajdoságaira. Passzív bónusz: Területre ható hatások csökkentése, kivédése, elkerülése. Szerencsepróba', 5, 15),
(21, 'Megmutatja, hogy a karakter mennyire tud hatással lenni másokra, illetve mennyire tudja megtéveszteni azokat. Minél magasabb a Charismája, annál könnyebben rá tud venni valakit valamire. Ezen kívül jelzi, hogy milyen a többiek hozzánk viszonyulása. Aktív bónusz: Attitude számítás. Passzív bónusz: -', 'Megmutatja, hogy a karakter milyen fizikai megjelenéssel rendelkezik. Aktív bónusz: Karakterünkhöz való viszonyulás, hozzáállás. Mennyire barátságosak vagy barátságtalanok vele szemben. Milyen gyorsan sietnek a segítségére. Passzív bónusz: Szociális képzettségek elleni mentődobás, meggyőzés, szerencsepróba.', 3, 20, 'Megmutatja, hogy mekkora befolyással tudunk lenni a környezetünkre, másokra. Mennyire tudjuk a környezetünkben lévők véleményét befolyásolni, alakítani, illetve szónokolni, tömegek élére állni. Aktív bónusz: Karakterünkhöz való viszonyulás változása interakció során. Passzív bónusz: Maximálisan felvehető NPC-k száma.', 3, 20, 'Megmutatja, hogy a karakter mennyire szerencsés. Hogy befolyásolja a külső tényezők változása a cselekvésének végkimenetelét. Aktív bónusz: Szerencsepróba, a karakter mennyire van ráutalva a képességeire, tulajdoságaira. Passzív bónusz: Területre ható hatások csökkentése, kivédése, elkerülése. Szerencsepróba', 3, 20),
(22, 'Megmutatja, hogy a karakter mennyire tud hatással lenni másokra, illetve mennyire tudja megtéveszteni azokat. Minél magasabb a Charismája, annál könnyebben rá tud venni valakit valamire. Ezen kívül jelzi, hogy milyen a többiek hozzánk viszonyulása. Aktív bónusz: Attitude számítás. Passzív bónusz: -', 'Megmutatja, hogy a karakter milyen fizikai megjelenéssel rendelkezik. Aktív bónusz: Karakterünkhöz való viszonyulás, hozzáállás. Mennyire barátságosak vagy barátságtalanok vele szemben. Milyen gyorsan sietnek a segítségére. Passzív bónusz: Szociális képzettségek elleni mentődobás, meggyőzés, szerencsepróba.', 3, 20, 'Megmutatja, hogy mekkora befolyással tudunk lenni a környezetünkre, másokra. Mennyire tudjuk a környezetünkben lévők véleményét befolyásolni, alakítani, illetve szónokolni, tömegek élére állni. Aktív bónusz: Karakterünkhöz való viszonyulás változása interakció során. Passzív bónusz: Maximálisan felvehető NPC-k száma.', 3, 20, 'Megmutatja, hogy a karakter mennyire szerencsés. Hogy befolyásolja a külső tényezők változása a cselekvésének végkimenetelét. Aktív bónusz: Szerencsepróba, a karakter mennyire van ráutalva a képességeire, tulajdoságaira. Passzív bónusz: Területre ható hatások csökkentése, kivédése, elkerülése. Szerencsepróba', 3, 20);

-- --------------------------------------------------------

--
-- Tábla szerkezet ehhez a táblához `dexteritys`
--

DROP TABLE IF EXISTS `dexteritys`;
CREATE TABLE `dexteritys` (
  `Id` int(11) NOT NULL,
  `Description` text DEFAULT NULL,
  `AgilityDescription` text DEFAULT NULL,
  `AgilityMin` int(11) DEFAULT NULL,
  `AgilityMax` int(11) DEFAULT NULL,
  `PerceptionDescription` text DEFAULT NULL,
  `PerceptionMin` int(11) DEFAULT NULL,
  `PerceptionMax` int(11) DEFAULT NULL,
  `QuicknessDescription` text DEFAULT NULL,
  `QuicknessMin` int(11) DEFAULT NULL,
  `QuicknessMax` int(11) DEFAULT NULL
) ENGINE=InnoDB DEFAULT CHARSET=utf8mb4;

--
-- A tábla adatainak kiíratása `dexteritys`
--

INSERT INTO `dexteritys` (`Id`, `Description`, `AgilityDescription`, `AgilityMin`, `AgilityMax`, `PerceptionDescription`, `PerceptionMin`, `PerceptionMax`, `QuicknessDescription`, `QuicknessMin`, `QuicknessMax`) VALUES
(1, 'Megmutatja, hogy a karakter távolsági támadás esetén, illetve távolsági és közelharc esetén védekezésben mennyire mozgékony és mennyire képes megtéveszteni az őt követőket. Megmutatja, hogy a karakter mennyire képes a figyelem elterelésre. A dexterity 30 feletti része képezi az alap staminánkat. (stamina bar). Aktív bónusz: Kitartás számítása Passzív bónusz: -', 'Megmutatja, hogy a karakternek mennyire kifinomult a mozgása, egyensúlya, ezeket mennyire tudja összehangolni. Mennyire ügyel az apró részletekre. Aktív bónusz: Egyensúly megtartása. Dobás támadások és azok elkerülése. Varázslatok mozgási komponensei, rúnavetés. Kétfegyveres harc büntetésének csökkentése. Passzív bónusz: Pajzs nélküli 1 fegyveres harc. Kétfegyveres harc, harci manőverek. Vért nélküli karakternél csökkenti a stamina vesztést.', 10, 22, 'Megmutatja, hogy milyen fejlettek és kifinomultak a karakter érzékszervei, vagyis például milyen könnyen vesz észre dolgokat, és hogy őt magát milyen könnyen lehet meglepni és orvul megtámadni. Ezen kívül kifejezi, hogy a karakter a mozgását mennyire tudja pontosítani egy dologra, egy mozdulatra. Aktív bónusz: Környezet megfigyelése, meglepetésdobás sikeressége. Reakcióképesség. Kétfegyveres harc büntetésének csökkentése. Passzív bónusz: Látási viszonyokból adódó büntetések csökkentése.', 10, 18, 'Megmutatja, hogy a karakter mennyire mozgékony, mennyire gyors fizikailag, milyen a haladási sebesége. Minden, a karakter mozgásával kapcsolatos sebesség. Aktív bónusz: Területre ható támadás elkerülése, meglepetés dobás sikeressége, meglepetések elleni mentődobás sikeressége. Passzív bónusz: Lőfegyverek elleni védelem, haladás sebessége, mozgási sebessége, harc helyzetben a kezdeményezés. Vért nélküli karakternél csökkenti a stamina vesztést.', 10, 18),
(2, 'Megmutatja, hogy a karakter távolsági támadás esetén, illetve távolsági és közelharc esetén védekezésben mennyire mozgékony és mennyire képes megtéveszteni az őt követőket. Megmutatja, hogy a karakter mennyire képes a figyelem elterelésre. A dexterity 30 feletti része képezi az alap staminánkat. (stamina bar). Aktív bónusz: Kitartás számítása Passzív bónusz: -', 'Megmutatja, hogy a karakternek mennyire kifinomult a mozgása, egyensúlya, ezeket mennyire tudja összehangolni. Mennyire ügyel az apró részletekre. Aktív bónusz: Egyensúly megtartása. Dobás támadások és azok elkerülése. Varázslatok mozgási komponensei, rúnavetés. Kétfegyveres harc büntetésének csökkentése. Passzív bónusz: Pajzs nélküli 1 fegyveres harc. Kétfegyveres harc, harci manőverek. Vért nélküli karakternél csökkenti a stamina vesztést.', 10, 22, 'Megmutatja, hogy milyen fejlettek és kifinomultak a karakter érzékszervei, vagyis például milyen könnyen vesz észre dolgokat, és hogy őt magát milyen könnyen lehet meglepni és orvul megtámadni. Ezen kívül kifejezi, hogy a karakter a mozgását mennyire tudja pontosítani egy dologra, egy mozdulatra. Aktív bónusz: Környezet megfigyelése, meglepetésdobás sikeressége. Reakcióképesség. Kétfegyveres harc büntetésének csökkentése. Passzív bónusz: Látási viszonyokból adódó büntetések csökkentése.', 10, 18, 'Megmutatja, hogy a karakter mennyire mozgékony, mennyire gyors fizikailag, milyen a haladási sebesége. Minden, a karakter mozgásával kapcsolatos sebesség. Aktív bónusz: Területre ható támadás elkerülése, meglepetés dobás sikeressége, meglepetések elleni mentődobás sikeressége. Passzív bónusz: Lőfegyverek elleni védelem, haladás sebessége, mozgási sebessége, harc helyzetben a kezdeményezés. Vért nélküli karakternél csökkenti a stamina vesztést.', 10, 18),
(3, 'Megmutatja, hogy a karakter távolsági támadás esetén, illetve távolsági és közelharc esetén védekezésben mennyire mozgékony és mennyire képes megtéveszteni az őt követőket. Megmutatja, hogy a karakter mennyire képes a figyelem elterelésre. A dexterity 30 feletti része képezi az alap staminánkat. (stamina bar). Aktív bónusz: Kitartás számítása Passzív bónusz: -', 'Megmutatja, hogy a karakternek mennyire kifinomult a mozgása, egyensúlya, ezeket mennyire tudja összehangolni. Mennyire ügyel az apró részletekre. Aktív bónusz: Egyensúly megtartása. Dobás támadások és azok elkerülése. Varázslatok mozgási komponensei, rúnavetés. Kétfegyveres harc büntetésének csökkentése. Passzív bónusz: Pajzs nélküli 1 fegyveres harc. Kétfegyveres harc, harci manőverek. Vért nélküli karakternél csökkenti a stamina vesztést.', 3, 15, 'Megmutatja, hogy milyen fejlettek és kifinomultak a karakter érzékszervei, vagyis például milyen könnyen vesz észre dolgokat, és hogy őt magát milyen könnyen lehet meglepni és orvul megtámadni. Ezen kívül kifejezi, hogy a karakter a mozgását mennyire tudja pontosítani egy dologra, egy mozdulatra. Aktív bónusz: Környezet megfigyelése, meglepetésdobás sikeressége. Reakcióképesség. Kétfegyveres harc büntetésének csökkentése. Passzív bónusz: Látási viszonyokból adódó büntetések csökkentése.', 5, 20, 'Megmutatja, hogy a karakter mennyire mozgékony, mennyire gyors fizikailag, milyen a haladási sebesége. Minden, a karakter mozgásával kapcsolatos sebesség. Aktív bónusz: Területre ható támadás elkerülése, meglepetés dobás sikeressége, meglepetések elleni mentődobás sikeressége. Passzív bónusz: Lőfegyverek elleni védelem, haladás sebessége, mozgási sebessége, harc helyzetben a kezdeményezés. Vért nélküli karakternél csökkenti a stamina vesztést.', 3, 20),
(4, 'Megmutatja, hogy a karakter távolsági támadás esetén, illetve távolsági és közelharc esetén védekezésben mennyire mozgékony és mennyire képes megtéveszteni az őt követőket. Megmutatja, hogy a karakter mennyire képes a figyelem elterelésre. A dexterity 30 feletti része képezi az alap staminánkat. (stamina bar). Aktív bónusz: Kitartás számítása Passzív bónusz: -', 'Megmutatja, hogy a karakternek mennyire kifinomult a mozgása, egyensúlya, ezeket mennyire tudja összehangolni. Mennyire ügyel az apró részletekre. Aktív bónusz: Egyensúly megtartása. Dobás támadások és azok elkerülése. Varázslatok mozgási komponensei, rúnavetés. Kétfegyveres harc büntetésének csökkentése. Passzív bónusz: Pajzs nélküli 1 fegyveres harc. Kétfegyveres harc, harci manőverek. Vért nélküli karakternél csökkenti a stamina vesztést.', 3, 15, 'Megmutatja, hogy milyen fejlettek és kifinomultak a karakter érzékszervei, vagyis például milyen könnyen vesz észre dolgokat, és hogy őt magát milyen könnyen lehet meglepni és orvul megtámadni. Ezen kívül kifejezi, hogy a karakter a mozgását mennyire tudja pontosítani egy dologra, egy mozdulatra. Aktív bónusz: Környezet megfigyelése, meglepetésdobás sikeressége. Reakcióképesség. Kétfegyveres harc büntetésének csökkentése. Passzív bónusz: Látási viszonyokból adódó büntetések csökkentése.', 5, 20, 'Megmutatja, hogy a karakter mennyire mozgékony, mennyire gyors fizikailag, milyen a haladási sebesége. Minden, a karakter mozgásával kapcsolatos sebesség. Aktív bónusz: Területre ható támadás elkerülése, meglepetés dobás sikeressége, meglepetések elleni mentődobás sikeressége. Passzív bónusz: Lőfegyverek elleni védelem, haladás sebessége, mozgási sebessége, harc helyzetben a kezdeményezés. Vért nélküli karakternél csökkenti a stamina vesztést.', 3, 20),
(5, 'Megmutatja, hogy a karakter távolsági támadás esetén, illetve távolsági és közelharc esetén védekezésben mennyire mozgékony és mennyire képes megtéveszteni az őt követőket. Megmutatja, hogy a karakter mennyire képes a figyelem elterelésre. A dexterity 30 feletti része képezi az alap staminánkat. (stamina bar). Aktív bónusz: Kitartás számítása Passzív bónusz: -', 'Megmutatja, hogy a karakternek mennyire kifinomult a mozgása, egyensúlya, ezeket mennyire tudja összehangolni. Mennyire ügyel az apró részletekre. Aktív bónusz: Egyensúly megtartása. Dobás támadások és azok elkerülése. Varázslatok mozgási komponensei, rúnavetés. Kétfegyveres harc büntetésének csökkentése. Passzív bónusz: Pajzs nélküli 1 fegyveres harc. Kétfegyveres harc, harci manőverek. Vért nélküli karakternél csökkenti a stamina vesztést.', 3, 20, 'Megmutatja, hogy milyen fejlettek és kifinomultak a karakter érzékszervei, vagyis például milyen könnyen vesz észre dolgokat, és hogy őt magát milyen könnyen lehet meglepni és orvul megtámadni. Ezen kívül kifejezi, hogy a karakter a mozgását mennyire tudja pontosítani egy dologra, egy mozdulatra. Aktív bónusz: Környezet megfigyelése, meglepetésdobás sikeressége. Reakcióképesség. Kétfegyveres harc büntetésének csökkentése. Passzív bónusz: Látási viszonyokból adódó büntetések csökkentése.', 3, 20, 'Megmutatja, hogy a karakter mennyire mozgékony, mennyire gyors fizikailag, milyen a haladási sebesége. Minden, a karakter mozgásával kapcsolatos sebesség. Aktív bónusz: Területre ható támadás elkerülése, meglepetés dobás sikeressége, meglepetések elleni mentődobás sikeressége. Passzív bónusz: Lőfegyverek elleni védelem, haladás sebessége, mozgási sebessége, harc helyzetben a kezdeményezés. Vért nélküli karakternél csökkenti a stamina vesztést.', 3, 20),
(6, 'Megmutatja, hogy a karakter távolsági támadás esetén, illetve távolsági és közelharc esetén védekezésben mennyire mozgékony és mennyire képes megtéveszteni az őt követőket. Megmutatja, hogy a karakter mennyire képes a figyelem elterelésre. A dexterity 30 feletti része képezi az alap staminánkat. (stamina bar). Aktív bónusz: Kitartás számítása Passzív bónusz: -', 'Megmutatja, hogy a karakternek mennyire kifinomult a mozgása, egyensúlya, ezeket mennyire tudja összehangolni. Mennyire ügyel az apró részletekre. Aktív bónusz: Egyensúly megtartása. Dobás támadások és azok elkerülése. Varázslatok mozgási komponensei, rúnavetés. Kétfegyveres harc büntetésének csökkentése. Passzív bónusz: Pajzs nélküli 1 fegyveres harc. Kétfegyveres harc, harci manőverek. Vért nélküli karakternél csökkenti a stamina vesztést.', 3, 20, 'Megmutatja, hogy milyen fejlettek és kifinomultak a karakter érzékszervei, vagyis például milyen könnyen vesz észre dolgokat, és hogy őt magát milyen könnyen lehet meglepni és orvul megtámadni. Ezen kívül kifejezi, hogy a karakter a mozgását mennyire tudja pontosítani egy dologra, egy mozdulatra. Aktív bónusz: Környezet megfigyelése, meglepetésdobás sikeressége. Reakcióképesség. Kétfegyveres harc büntetésének csökkentése. Passzív bónusz: Látási viszonyokból adódó büntetések csökkentése.', 3, 20, 'Megmutatja, hogy a karakter mennyire mozgékony, mennyire gyors fizikailag, milyen a haladási sebesége. Minden, a karakter mozgásával kapcsolatos sebesség. Aktív bónusz: Területre ható támadás elkerülése, meglepetés dobás sikeressége, meglepetések elleni mentődobás sikeressége. Passzív bónusz: Lőfegyverek elleni védelem, haladás sebessége, mozgási sebessége, harc helyzetben a kezdeményezés. Vért nélküli karakternél csökkenti a stamina vesztést.', 3, 20),
(7, 'Megmutatja, hogy a karakter távolsági támadás esetén, illetve távolsági és közelharc esetén védekezésben mennyire mozgékony és mennyire képes megtéveszteni az őt követőket. Megmutatja, hogy a karakter mennyire képes a figyelem elterelésre. A dexterity 30 feletti része képezi az alap staminánkat. (stamina bar). Aktív bónusz: Kitartás számítása Passzív bónusz: -', 'Megmutatja, hogy a karakternek mennyire kifinomult a mozgása, egyensúlya, ezeket mennyire tudja összehangolni. Mennyire ügyel az apró részletekre. Aktív bónusz: Egyensúly megtartása. Dobás támadások és azok elkerülése. Varázslatok mozgási komponensei, rúnavetés. Kétfegyveres harc büntetésének csökkentése. Passzív bónusz: Pajzs nélküli 1 fegyveres harc. Kétfegyveres harc, harci manőverek. Vért nélküli karakternél csökkenti a stamina vesztést.', 3, 15, 'Megmutatja, hogy milyen fejlettek és kifinomultak a karakter érzékszervei, vagyis például milyen könnyen vesz észre dolgokat, és hogy őt magát milyen könnyen lehet meglepni és orvul megtámadni. Ezen kívül kifejezi, hogy a karakter a mozgását mennyire tudja pontosítani egy dologra, egy mozdulatra. Aktív bónusz: Környezet megfigyelése, meglepetésdobás sikeressége. Reakcióképesség. Kétfegyveres harc büntetésének csökkentése. Passzív bónusz: Látási viszonyokból adódó büntetések csökkentése.', 5, 20, 'Megmutatja, hogy a karakter mennyire mozgékony, mennyire gyors fizikailag, milyen a haladási sebesége. Minden, a karakter mozgásával kapcsolatos sebesség. Aktív bónusz: Területre ható támadás elkerülése, meglepetés dobás sikeressége, meglepetések elleni mentődobás sikeressége. Passzív bónusz: Lőfegyverek elleni védelem, haladás sebessége, mozgási sebessége, harc helyzetben a kezdeményezés. Vért nélküli karakternél csökkenti a stamina vesztést.', 3, 20),
(8, 'Megmutatja, hogy a karakter távolsági támadás esetén, illetve távolsági és közelharc esetén védekezésben mennyire mozgékony és mennyire képes megtéveszteni az őt követőket. Megmutatja, hogy a karakter mennyire képes a figyelem elterelésre. A dexterity 30 feletti része képezi az alap staminánkat. (stamina bar). Aktív bónusz: Kitartás számítása Passzív bónusz: -', 'Megmutatja, hogy a karakternek mennyire kifinomult a mozgása, egyensúlya, ezeket mennyire tudja összehangolni. Mennyire ügyel az apró részletekre. Aktív bónusz: Egyensúly megtartása. Dobás támadások és azok elkerülése. Varázslatok mozgási komponensei, rúnavetés. Kétfegyveres harc büntetésének csökkentése. Passzív bónusz: Pajzs nélküli 1 fegyveres harc. Kétfegyveres harc, harci manőverek. Vért nélküli karakternél csökkenti a stamina vesztést.', 3, 15, 'Megmutatja, hogy milyen fejlettek és kifinomultak a karakter érzékszervei, vagyis például milyen könnyen vesz észre dolgokat, és hogy őt magát milyen könnyen lehet meglepni és orvul megtámadni. Ezen kívül kifejezi, hogy a karakter a mozgását mennyire tudja pontosítani egy dologra, egy mozdulatra. Aktív bónusz: Környezet megfigyelése, meglepetésdobás sikeressége. Reakcióképesség. Kétfegyveres harc büntetésének csökkentése. Passzív bónusz: Látási viszonyokból adódó büntetések csökkentése.', 5, 20, 'Megmutatja, hogy a karakter mennyire mozgékony, mennyire gyors fizikailag, milyen a haladási sebesége. Minden, a karakter mozgásával kapcsolatos sebesség. Aktív bónusz: Területre ható támadás elkerülése, meglepetés dobás sikeressége, meglepetések elleni mentődobás sikeressége. Passzív bónusz: Lőfegyverek elleni védelem, haladás sebessége, mozgási sebessége, harc helyzetben a kezdeményezés. Vért nélküli karakternél csökkenti a stamina vesztést.', 3, 20),
(9, 'Megmutatja, hogy a karakter távolsági támadás esetén, illetve távolsági és közelharc esetén védekezésben mennyire mozgékony és mennyire képes megtéveszteni az őt követőket. Megmutatja, hogy a karakter mennyire képes a figyelem elterelésre. A dexterity 30 feletti része képezi az alap staminánkat. (stamina bar). Aktív bónusz: Kitartás számítása Passzív bónusz: -', 'Megmutatja, hogy a karakternek mennyire kifinomult a mozgása, egyensúlya, ezeket mennyire tudja összehangolni. Mennyire ügyel az apró részletekre. Aktív bónusz: Egyensúly megtartása. Dobás támadások és azok elkerülése. Varázslatok mozgási komponensei, rúnavetés. Kétfegyveres harc büntetésének csökkentése. Passzív bónusz: Pajzs nélküli 1 fegyveres harc. Kétfegyveres harc, harci manőverek. Vért nélküli karakternél csökkenti a stamina vesztést.', 3, 20, 'Megmutatja, hogy milyen fejlettek és kifinomultak a karakter érzékszervei, vagyis például milyen könnyen vesz észre dolgokat, és hogy őt magát milyen könnyen lehet meglepni és orvul megtámadni. Ezen kívül kifejezi, hogy a karakter a mozgását mennyire tudja pontosítani egy dologra, egy mozdulatra. Aktív bónusz: Környezet megfigyelése, meglepetésdobás sikeressége. Reakcióképesség. Kétfegyveres harc büntetésének csökkentése. Passzív bónusz: Látási viszonyokból adódó büntetések csökkentése.', 3, 20, 'Megmutatja, hogy a karakter mennyire mozgékony, mennyire gyors fizikailag, milyen a haladási sebesége. Minden, a karakter mozgásával kapcsolatos sebesség. Aktív bónusz: Területre ható támadás elkerülése, meglepetés dobás sikeressége, meglepetések elleni mentődobás sikeressége. Passzív bónusz: Lőfegyverek elleni védelem, haladás sebessége, mozgási sebessége, harc helyzetben a kezdeményezés. Vért nélküli karakternél csökkenti a stamina vesztést.', 3, 20),
(10, 'Megmutatja, hogy a karakter távolsági támadás esetén, illetve távolsági és közelharc esetén védekezésben mennyire mozgékony és mennyire képes megtéveszteni az őt követőket. Megmutatja, hogy a karakter mennyire képes a figyelem elterelésre. A dexterity 30 feletti része képezi az alap staminánkat. (stamina bar). Aktív bónusz: Kitartás számítása Passzív bónusz: -', 'Megmutatja, hogy a karakternek mennyire kifinomult a mozgása, egyensúlya, ezeket mennyire tudja összehangolni. Mennyire ügyel az apró részletekre. Aktív bónusz: Egyensúly megtartása. Dobás támadások és azok elkerülése. Varázslatok mozgási komponensei, rúnavetés. Kétfegyveres harc büntetésének csökkentése. Passzív bónusz: Pajzs nélküli 1 fegyveres harc. Kétfegyveres harc, harci manőverek. Vért nélküli karakternél csökkenti a stamina vesztést.', 3, 20, 'Megmutatja, hogy milyen fejlettek és kifinomultak a karakter érzékszervei, vagyis például milyen könnyen vesz észre dolgokat, és hogy őt magát milyen könnyen lehet meglepni és orvul megtámadni. Ezen kívül kifejezi, hogy a karakter a mozgását mennyire tudja pontosítani egy dologra, egy mozdulatra. Aktív bónusz: Környezet megfigyelése, meglepetésdobás sikeressége. Reakcióképesség. Kétfegyveres harc büntetésének csökkentése. Passzív bónusz: Látási viszonyokból adódó büntetések csökkentése.', 3, 20, 'Megmutatja, hogy a karakter mennyire mozgékony, mennyire gyors fizikailag, milyen a haladási sebesége. Minden, a karakter mozgásával kapcsolatos sebesség. Aktív bónusz: Területre ható támadás elkerülése, meglepetés dobás sikeressége, meglepetések elleni mentődobás sikeressége. Passzív bónusz: Lőfegyverek elleni védelem, haladás sebessége, mozgási sebessége, harc helyzetben a kezdeményezés. Vért nélküli karakternél csökkenti a stamina vesztést.', 3, 20),
(11, 'Megmutatja, hogy a karakter távolsági támadás esetén, illetve távolsági és közelharc esetén védekezésben mennyire mozgékony és mennyire képes megtéveszteni az őt követőket. Megmutatja, hogy a karakter mennyire képes a figyelem elterelésre. A dexterity 30 feletti része képezi az alap staminánkat. (stamina bar). Aktív bónusz: Kitartás számítása Passzív bónusz: -', 'Megmutatja, hogy a karakternek mennyire kifinomult a mozgása, egyensúlya, ezeket mennyire tudja összehangolni. Mennyire ügyel az apró részletekre. Aktív bónusz: Egyensúly megtartása. Dobás támadások és azok elkerülése. Varázslatok mozgási komponensei, rúnavetés. Kétfegyveres harc büntetésének csökkentése. Passzív bónusz: Pajzs nélküli 1 fegyveres harc. Kétfegyveres harc, harci manőverek. Vért nélküli karakternél csökkenti a stamina vesztést.', 3, 20, 'Megmutatja, hogy milyen fejlettek és kifinomultak a karakter érzékszervei, vagyis például milyen könnyen vesz észre dolgokat, és hogy őt magát milyen könnyen lehet meglepni és orvul megtámadni. Ezen kívül kifejezi, hogy a karakter a mozgását mennyire tudja pontosítani egy dologra, egy mozdulatra. Aktív bónusz: Környezet megfigyelése, meglepetésdobás sikeressége. Reakcióképesség. Kétfegyveres harc büntetésének csökkentése. Passzív bónusz: Látási viszonyokból adódó büntetések csökkentése.', 3, 20, 'Megmutatja, hogy a karakter mennyire mozgékony, mennyire gyors fizikailag, milyen a haladási sebesége. Minden, a karakter mozgásával kapcsolatos sebesség. Aktív bónusz: Területre ható támadás elkerülése, meglepetés dobás sikeressége, meglepetések elleni mentődobás sikeressége. Passzív bónusz: Lőfegyverek elleni védelem, haladás sebessége, mozgási sebessége, harc helyzetben a kezdeményezés. Vért nélküli karakternél csökkenti a stamina vesztést.', 3, 20),
(12, 'Megmutatja, hogy a karakter távolsági támadás esetén, illetve távolsági és közelharc esetén védekezésben mennyire mozgékony és mennyire képes megtéveszteni az őt követőket. Megmutatja, hogy a karakter mennyire képes a figyelem elterelésre. A dexterity 30 feletti része képezi az alap staminánkat. (stamina bar). Aktív bónusz: Kitartás számítása Passzív bónusz: -', 'Megmutatja, hogy a karakternek mennyire kifinomult a mozgása, egyensúlya, ezeket mennyire tudja összehangolni. Mennyire ügyel az apró részletekre. Aktív bónusz: Egyensúly megtartása. Dobás támadások és azok elkerülése. Varázslatok mozgási komponensei, rúnavetés. Kétfegyveres harc büntetésének csökkentése. Passzív bónusz: Pajzs nélküli 1 fegyveres harc. Kétfegyveres harc, harci manőverek. Vért nélküli karakternél csökkenti a stamina vesztést.', 3, 20, 'Megmutatja, hogy milyen fejlettek és kifinomultak a karakter érzékszervei, vagyis például milyen könnyen vesz észre dolgokat, és hogy őt magát milyen könnyen lehet meglepni és orvul megtámadni. Ezen kívül kifejezi, hogy a karakter a mozgását mennyire tudja pontosítani egy dologra, egy mozdulatra. Aktív bónusz: Környezet megfigyelése, meglepetésdobás sikeressége. Reakcióképesség. Kétfegyveres harc büntetésének csökkentése. Passzív bónusz: Látási viszonyokból adódó büntetések csökkentése.', 3, 20, 'Megmutatja, hogy a karakter mennyire mozgékony, mennyire gyors fizikailag, milyen a haladási sebesége. Minden, a karakter mozgásával kapcsolatos sebesség. Aktív bónusz: Területre ható támadás elkerülése, meglepetés dobás sikeressége, meglepetések elleni mentődobás sikeressége. Passzív bónusz: Lőfegyverek elleni védelem, haladás sebessége, mozgási sebessége, harc helyzetben a kezdeményezés. Vért nélküli karakternél csökkenti a stamina vesztést.', 3, 20),
(13, 'Megmutatja, hogy a karakter távolsági támadás esetén, illetve távolsági és közelharc esetén védekezésben mennyire mozgékony és mennyire képes megtéveszteni az őt követőket. Megmutatja, hogy a karakter mennyire képes a figyelem elterelésre. A dexterity 30 feletti része képezi az alap staminánkat. (stamina bar). Aktív bónusz: Kitartás számítása Passzív bónusz: -', 'Megmutatja, hogy a karakternek mennyire kifinomult a mozgása, egyensúlya, ezeket mennyire tudja összehangolni. Mennyire ügyel az apró részletekre. Aktív bónusz: Egyensúly megtartása. Dobás támadások és azok elkerülése. Varázslatok mozgási komponensei, rúnavetés. Kétfegyveres harc büntetésének csökkentése. Passzív bónusz: Pajzs nélküli 1 fegyveres harc. Kétfegyveres harc, harci manőverek. Vért nélküli karakternél csökkenti a stamina vesztést.', 10, 25, 'Megmutatja, hogy milyen fejlettek és kifinomultak a karakter érzékszervei, vagyis például milyen könnyen vesz észre dolgokat, és hogy őt magát milyen könnyen lehet meglepni és orvul megtámadni. Ezen kívül kifejezi, hogy a karakter a mozgását mennyire tudja pontosítani egy dologra, egy mozdulatra. Aktív bónusz: Környezet megfigyelése, meglepetésdobás sikeressége. Reakcióképesség. Kétfegyveres harc büntetésének csökkentése. Passzív bónusz: Látási viszonyokból adódó büntetések csökkentése.', 10, 25, 'Megmutatja, hogy a karakter mennyire mozgékony, mennyire gyors fizikailag, milyen a haladási sebesége. Minden, a karakter mozgásával kapcsolatos sebesség. Aktív bónusz: Területre ható támadás elkerülése, meglepetés dobás sikeressége, meglepetések elleni mentődobás sikeressége. Passzív bónusz: Lőfegyverek elleni védelem, haladás sebessége, mozgási sebessége, harc helyzetben a kezdeményezés. Vért nélküli karakternél csökkenti a stamina vesztést.', 10, 25),
(14, 'Megmutatja, hogy a karakter távolsági támadás esetén, illetve távolsági és közelharc esetén védekezésben mennyire mozgékony és mennyire képes megtéveszteni az őt követőket. Megmutatja, hogy a karakter mennyire képes a figyelem elterelésre. A dexterity 30 feletti része képezi az alap staminánkat. (stamina bar). Aktív bónusz: Kitartás számítása Passzív bónusz: -', 'Megmutatja, hogy a karakternek mennyire kifinomult a mozgása, egyensúlya, ezeket mennyire tudja összehangolni. Mennyire ügyel az apró részletekre. Aktív bónusz: Egyensúly megtartása. Dobás támadások és azok elkerülése. Varázslatok mozgási komponensei, rúnavetés. Kétfegyveres harc büntetésének csökkentése. Passzív bónusz: Pajzs nélküli 1 fegyveres harc. Kétfegyveres harc, harci manőverek. Vért nélküli karakternél csökkenti a stamina vesztést.', 10, 25, 'Megmutatja, hogy milyen fejlettek és kifinomultak a karakter érzékszervei, vagyis például milyen könnyen vesz észre dolgokat, és hogy őt magát milyen könnyen lehet meglepni és orvul megtámadni. Ezen kívül kifejezi, hogy a karakter a mozgását mennyire tudja pontosítani egy dologra, egy mozdulatra. Aktív bónusz: Környezet megfigyelése, meglepetésdobás sikeressége. Reakcióképesség. Kétfegyveres harc büntetésének csökkentése. Passzív bónusz: Látási viszonyokból adódó büntetések csökkentése.', 10, 25, 'Megmutatja, hogy a karakter mennyire mozgékony, mennyire gyors fizikailag, milyen a haladási sebesége. Minden, a karakter mozgásával kapcsolatos sebesség. Aktív bónusz: Területre ható támadás elkerülése, meglepetés dobás sikeressége, meglepetések elleni mentődobás sikeressége. Passzív bónusz: Lőfegyverek elleni védelem, haladás sebessége, mozgási sebessége, harc helyzetben a kezdeményezés. Vért nélküli karakternél csökkenti a stamina vesztést.', 10, 25),
(15, 'Megmutatja, hogy a karakter távolsági támadás esetén, illetve távolsági és közelharc esetén védekezésben mennyire mozgékony és mennyire képes megtéveszteni az őt követőket. Megmutatja, hogy a karakter mennyire képes a figyelem elterelésre. A dexterity 30 feletti része képezi az alap staminánkat. (stamina bar). Aktív bónusz: Kitartás számítása Passzív bónusz: -', 'Megmutatja, hogy a karakternek mennyire kifinomult a mozgása, egyensúlya, ezeket mennyire tudja összehangolni. Mennyire ügyel az apró részletekre. Aktív bónusz: Egyensúly megtartása. Dobás támadások és azok elkerülése. Varázslatok mozgási komponensei, rúnavetés. Kétfegyveres harc büntetésének csökkentése. Passzív bónusz: Pajzs nélküli 1 fegyveres harc. Kétfegyveres harc, harci manőverek. Vért nélküli karakternél csökkenti a stamina vesztést.', 3, 15, 'Megmutatja, hogy milyen fejlettek és kifinomultak a karakter érzékszervei, vagyis például milyen könnyen vesz észre dolgokat, és hogy őt magát milyen könnyen lehet meglepni és orvul megtámadni. Ezen kívül kifejezi, hogy a karakter a mozgását mennyire tudja pontosítani egy dologra, egy mozdulatra. Aktív bónusz: Környezet megfigyelése, meglepetésdobás sikeressége. Reakcióképesség. Kétfegyveres harc büntetésének csökkentése. Passzív bónusz: Látási viszonyokból adódó büntetések csökkentése.', 5, 20, 'Megmutatja, hogy a karakter mennyire mozgékony, mennyire gyors fizikailag, milyen a haladási sebesége. Minden, a karakter mozgásával kapcsolatos sebesség. Aktív bónusz: Területre ható támadás elkerülése, meglepetés dobás sikeressége, meglepetések elleni mentődobás sikeressége. Passzív bónusz: Lőfegyverek elleni védelem, haladás sebessége, mozgási sebessége, harc helyzetben a kezdeményezés. Vért nélküli karakternél csökkenti a stamina vesztést.', 3, 20),
(16, 'Megmutatja, hogy a karakter távolsági támadás esetén, illetve távolsági és közelharc esetén védekezésben mennyire mozgékony és mennyire képes megtéveszteni az őt követőket. Megmutatja, hogy a karakter mennyire képes a figyelem elterelésre. A dexterity 30 feletti része képezi az alap staminánkat. (stamina bar). Aktív bónusz: Kitartás számítása Passzív bónusz: -', 'Megmutatja, hogy a karakternek mennyire kifinomult a mozgása, egyensúlya, ezeket mennyire tudja összehangolni. Mennyire ügyel az apró részletekre. Aktív bónusz: Egyensúly megtartása. Dobás támadások és azok elkerülése. Varázslatok mozgási komponensei, rúnavetés. Kétfegyveres harc büntetésének csökkentése. Passzív bónusz: Pajzs nélküli 1 fegyveres harc. Kétfegyveres harc, harci manőverek. Vért nélküli karakternél csökkenti a stamina vesztést.', 3, 15, 'Megmutatja, hogy milyen fejlettek és kifinomultak a karakter érzékszervei, vagyis például milyen könnyen vesz észre dolgokat, és hogy őt magát milyen könnyen lehet meglepni és orvul megtámadni. Ezen kívül kifejezi, hogy a karakter a mozgását mennyire tudja pontosítani egy dologra, egy mozdulatra. Aktív bónusz: Környezet megfigyelése, meglepetésdobás sikeressége. Reakcióképesség. Kétfegyveres harc büntetésének csökkentése. Passzív bónusz: Látási viszonyokból adódó büntetések csökkentése.', 5, 20, 'Megmutatja, hogy a karakter mennyire mozgékony, mennyire gyors fizikailag, milyen a haladási sebesége. Minden, a karakter mozgásával kapcsolatos sebesség. Aktív bónusz: Területre ható támadás elkerülése, meglepetés dobás sikeressége, meglepetések elleni mentődobás sikeressége. Passzív bónusz: Lőfegyverek elleni védelem, haladás sebessége, mozgási sebessége, harc helyzetben a kezdeményezés. Vért nélküli karakternél csökkenti a stamina vesztést.', 3, 20),
(17, 'Megmutatja, hogy a karakter távolsági támadás esetén, illetve távolsági és közelharc esetén védekezésben mennyire mozgékony és mennyire képes megtéveszteni az őt követőket. Megmutatja, hogy a karakter mennyire képes a figyelem elterelésre. A dexterity 30 feletti része képezi az alap staminánkat. (stamina bar). Aktív bónusz: Kitartás számítása Passzív bónusz: -', 'Megmutatja, hogy a karakternek mennyire kifinomult a mozgása, egyensúlya, ezeket mennyire tudja összehangolni. Mennyire ügyel az apró részletekre. Aktív bónusz: Egyensúly megtartása. Dobás támadások és azok elkerülése. Varázslatok mozgási komponensei, rúnavetés. Kétfegyveres harc büntetésének csökkentése. Passzív bónusz: Pajzs nélküli 1 fegyveres harc. Kétfegyveres harc, harci manőverek. Vért nélküli karakternél csökkenti a stamina vesztést.', 10, 22, 'Megmutatja, hogy milyen fejlettek és kifinomultak a karakter érzékszervei, vagyis például milyen könnyen vesz észre dolgokat, és hogy őt magát milyen könnyen lehet meglepni és orvul megtámadni. Ezen kívül kifejezi, hogy a karakter a mozgását mennyire tudja pontosítani egy dologra, egy mozdulatra. Aktív bónusz: Környezet megfigyelése, meglepetésdobás sikeressége. Reakcióképesség. Kétfegyveres harc büntetésének csökkentése. Passzív bónusz: Látási viszonyokból adódó büntetések csökkentése.', 10, 22, 'Megmutatja, hogy a karakter mennyire mozgékony, mennyire gyors fizikailag, milyen a haladási sebesége. Minden, a karakter mozgásával kapcsolatos sebesség. Aktív bónusz: Területre ható támadás elkerülése, meglepetés dobás sikeressége, meglepetések elleni mentődobás sikeressége. Passzív bónusz: Lőfegyverek elleni védelem, haladás sebessége, mozgási sebessége, harc helyzetben a kezdeményezés. Vért nélküli karakternél csökkenti a stamina vesztést.', 10, 22),
(18, 'Megmutatja, hogy a karakter távolsági támadás esetén, illetve távolsági és közelharc esetén védekezésben mennyire mozgékony és mennyire képes megtéveszteni az őt követőket. Megmutatja, hogy a karakter mennyire képes a figyelem elterelésre. A dexterity 30 feletti része képezi az alap staminánkat. (stamina bar). Aktív bónusz: Kitartás számítása Passzív bónusz: -', 'Megmutatja, hogy a karakternek mennyire kifinomult a mozgása, egyensúlya, ezeket mennyire tudja összehangolni. Mennyire ügyel az apró részletekre. Aktív bónusz: Egyensúly megtartása. Dobás támadások és azok elkerülése. Varázslatok mozgási komponensei, rúnavetés. Kétfegyveres harc büntetésének csökkentése. Passzív bónusz: Pajzs nélküli 1 fegyveres harc. Kétfegyveres harc, harci manőverek. Vért nélküli karakternél csökkenti a stamina vesztést.', 10, 22, 'Megmutatja, hogy milyen fejlettek és kifinomultak a karakter érzékszervei, vagyis például milyen könnyen vesz észre dolgokat, és hogy őt magát milyen könnyen lehet meglepni és orvul megtámadni. Ezen kívül kifejezi, hogy a karakter a mozgását mennyire tudja pontosítani egy dologra, egy mozdulatra. Aktív bónusz: Környezet megfigyelése, meglepetésdobás sikeressége. Reakcióképesség. Kétfegyveres harc büntetésének csökkentése. Passzív bónusz: Látási viszonyokból adódó büntetések csökkentése.', 10, 22, 'Megmutatja, hogy a karakter mennyire mozgékony, mennyire gyors fizikailag, milyen a haladási sebesége. Minden, a karakter mozgásával kapcsolatos sebesség. Aktív bónusz: Területre ható támadás elkerülése, meglepetés dobás sikeressége, meglepetések elleni mentődobás sikeressége. Passzív bónusz: Lőfegyverek elleni védelem, haladás sebessége, mozgási sebessége, harc helyzetben a kezdeményezés. Vért nélküli karakternél csökkenti a stamina vesztést.', 10, 22),
(19, 'Megmutatja, hogy a karakter távolsági támadás esetén, illetve távolsági és közelharc esetén védekezésben mennyire mozgékony és mennyire képes megtéveszteni az őt követőket. Megmutatja, hogy a karakter mennyire képes a figyelem elterelésre. A dexterity 30 feletti része képezi az alap staminánkat. (stamina bar). Aktív bónusz: Kitartás számítása Passzív bónusz: -', 'Megmutatja, hogy a karakternek mennyire kifinomult a mozgása, egyensúlya, ezeket mennyire tudja összehangolni. Mennyire ügyel az apró részletekre. Aktív bónusz: Egyensúly megtartása. Dobás támadások és azok elkerülése. Varázslatok mozgási komponensei, rúnavetés. Kétfegyveres harc büntetésének csökkentése. Passzív bónusz: Pajzs nélküli 1 fegyveres harc. Kétfegyveres harc, harci manőverek. Vért nélküli karakternél csökkenti a stamina vesztést.', 10, 20, 'Megmutatja, hogy milyen fejlettek és kifinomultak a karakter érzékszervei, vagyis például milyen könnyen vesz észre dolgokat, és hogy őt magát milyen könnyen lehet meglepni és orvul megtámadni. Ezen kívül kifejezi, hogy a karakter a mozgását mennyire tudja pontosítani egy dologra, egy mozdulatra. Aktív bónusz: Környezet megfigyelése, meglepetésdobás sikeressége. Reakcióképesség. Kétfegyveres harc büntetésének csökkentése. Passzív bónusz: Látási viszonyokból adódó büntetések csökkentése.', 10, 18, 'Megmutatja, hogy a karakter mennyire mozgékony, mennyire gyors fizikailag, milyen a haladási sebesége. Minden, a karakter mozgásával kapcsolatos sebesség. Aktív bónusz: Területre ható támadás elkerülése, meglepetés dobás sikeressége, meglepetések elleni mentődobás sikeressége. Passzív bónusz: Lőfegyverek elleni védelem, haladás sebessége, mozgási sebessége, harc helyzetben a kezdeményezés. Vért nélküli karakternél csökkenti a stamina vesztést.', 10, 25),
(20, 'Megmutatja, hogy a karakter távolsági támadás esetén, illetve távolsági és közelharc esetén védekezésben mennyire mozgékony és mennyire képes megtéveszteni az őt követőket. Megmutatja, hogy a karakter mennyire képes a figyelem elterelésre. A dexterity 30 feletti része képezi az alap staminánkat. (stamina bar). Aktív bónusz: Kitartás számítása Passzív bónusz: -', 'Megmutatja, hogy a karakternek mennyire kifinomult a mozgása, egyensúlya, ezeket mennyire tudja összehangolni. Mennyire ügyel az apró részletekre. Aktív bónusz: Egyensúly megtartása. Dobás támadások és azok elkerülése. Varázslatok mozgási komponensei, rúnavetés. Kétfegyveres harc büntetésének csökkentése. Passzív bónusz: Pajzs nélküli 1 fegyveres harc. Kétfegyveres harc, harci manőverek. Vért nélküli karakternél csökkenti a stamina vesztést.', 10, 20, 'Megmutatja, hogy milyen fejlettek és kifinomultak a karakter érzékszervei, vagyis például milyen könnyen vesz észre dolgokat, és hogy őt magát milyen könnyen lehet meglepni és orvul megtámadni. Ezen kívül kifejezi, hogy a karakter a mozgását mennyire tudja pontosítani egy dologra, egy mozdulatra. Aktív bónusz: Környezet megfigyelése, meglepetésdobás sikeressége. Reakcióképesség. Kétfegyveres harc büntetésének csökkentése. Passzív bónusz: Látási viszonyokból adódó büntetések csökkentése.', 10, 18, 'Megmutatja, hogy a karakter mennyire mozgékony, mennyire gyors fizikailag, milyen a haladási sebesége. Minden, a karakter mozgásával kapcsolatos sebesség. Aktív bónusz: Területre ható támadás elkerülése, meglepetés dobás sikeressége, meglepetések elleni mentődobás sikeressége. Passzív bónusz: Lőfegyverek elleni védelem, haladás sebessége, mozgási sebessége, harc helyzetben a kezdeményezés. Vért nélküli karakternél csökkenti a stamina vesztést.', 10, 25),
(21, 'Megmutatja, hogy a karakter távolsági támadás esetén, illetve távolsági és közelharc esetén védekezésben mennyire mozgékony és mennyire képes megtéveszteni az őt követőket. Megmutatja, hogy a karakter mennyire képes a figyelem elterelésre. A dexterity 30 feletti része képezi az alap staminánkat. (stamina bar). Aktív bónusz: Kitartás számítása Passzív bónusz: -', 'Megmutatja, hogy a karakternek mennyire kifinomult a mozgása, egyensúlya, ezeket mennyire tudja összehangolni. Mennyire ügyel az apró részletekre. Aktív bónusz: Egyensúly megtartása. Dobás támadások és azok elkerülése. Varázslatok mozgási komponensei, rúnavetés. Kétfegyveres harc büntetésének csökkentése. Passzív bónusz: Pajzs nélküli 1 fegyveres harc. Kétfegyveres harc, harci manőverek. Vért nélküli karakternél csökkenti a stamina vesztést.', 3, 20, 'Megmutatja, hogy milyen fejlettek és kifinomultak a karakter érzékszervei, vagyis például milyen könnyen vesz észre dolgokat, és hogy őt magát milyen könnyen lehet meglepni és orvul megtámadni. Ezen kívül kifejezi, hogy a karakter a mozgását mennyire tudja pontosítani egy dologra, egy mozdulatra. Aktív bónusz: Környezet megfigyelése, meglepetésdobás sikeressége. Reakcióképesség. Kétfegyveres harc büntetésének csökkentése. Passzív bónusz: Látási viszonyokból adódó büntetések csökkentése.', 3, 20, 'Megmutatja, hogy a karakter mennyire mozgékony, mennyire gyors fizikailag, milyen a haladási sebesége. Minden, a karakter mozgásával kapcsolatos sebesség. Aktív bónusz: Területre ható támadás elkerülése, meglepetés dobás sikeressége, meglepetések elleni mentődobás sikeressége. Passzív bónusz: Lőfegyverek elleni védelem, haladás sebessége, mozgási sebessége, harc helyzetben a kezdeményezés. Vért nélküli karakternél csökkenti a stamina vesztést.', 3, 20),
(22, 'Megmutatja, hogy a karakter távolsági támadás esetén, illetve távolsági és közelharc esetén védekezésben mennyire mozgékony és mennyire képes megtéveszteni az őt követőket. Megmutatja, hogy a karakter mennyire képes a figyelem elterelésre. A dexterity 30 feletti része képezi az alap staminánkat. (stamina bar). Aktív bónusz: Kitartás számítása Passzív bónusz: -', 'Megmutatja, hogy a karakternek mennyire kifinomult a mozgása, egyensúlya, ezeket mennyire tudja összehangolni. Mennyire ügyel az apró részletekre. Aktív bónusz: Egyensúly megtartása. Dobás támadások és azok elkerülése. Varázslatok mozgási komponensei, rúnavetés. Kétfegyveres harc büntetésének csökkentése. Passzív bónusz: Pajzs nélküli 1 fegyveres harc. Kétfegyveres harc, harci manőverek. Vért nélküli karakternél csökkenti a stamina vesztést.', 3, 20, 'Megmutatja, hogy milyen fejlettek és kifinomultak a karakter érzékszervei, vagyis például milyen könnyen vesz észre dolgokat, és hogy őt magát milyen könnyen lehet meglepni és orvul megtámadni. Ezen kívül kifejezi, hogy a karakter a mozgását mennyire tudja pontosítani egy dologra, egy mozdulatra. Aktív bónusz: Környezet megfigyelése, meglepetésdobás sikeressége. Reakcióképesség. Kétfegyveres harc büntetésének csökkentése. Passzív bónusz: Látási viszonyokból adódó büntetések csökkentése.', 3, 20, 'Megmutatja, hogy a karakter mennyire mozgékony, mennyire gyors fizikailag, milyen a haladási sebesége. Minden, a karakter mozgásával kapcsolatos sebesség. Aktív bónusz: Területre ható támadás elkerülése, meglepetés dobás sikeressége, meglepetések elleni mentődobás sikeressége. Passzív bónusz: Lőfegyverek elleni védelem, haladás sebessége, mozgási sebessége, harc helyzetben a kezdeményezés. Vért nélküli karakternél csökkenti a stamina vesztést.', 3, 20);

-- --------------------------------------------------------

--
-- Tábla szerkezet ehhez a táblához `intuitions`
--

DROP TABLE IF EXISTS `intuitions`;
CREATE TABLE `intuitions` (
  `Id` int(11) NOT NULL,
  `Description` text DEFAULT NULL,
  `IntelligenceDescription` text DEFAULT NULL,
  `IntelligenceMin` int(11) DEFAULT NULL,
  `IntelligenceMax` int(11) DEFAULT NULL,
  `WisdomDescription` text DEFAULT NULL,
  `WisdomMin` int(11) DEFAULT NULL,
  `WisdomMax` int(11) DEFAULT NULL,
  `ResourcefullDescription` text DEFAULT NULL,
  `ResourcefullMin` int(11) DEFAULT NULL,
  `ResourcefullMax` int(11) DEFAULT NULL
) ENGINE=InnoDB DEFAULT CHARSET=utf8mb4;

--
-- A tábla adatainak kiíratása `intuitions`
--

INSERT INTO `intuitions` (`Id`, `Description`, `IntelligenceDescription`, `IntelligenceMin`, `IntelligenceMax`, `WisdomDescription`, `WisdomMin`, `WisdomMax`, `ResourcefullDescription`, `ResourcefullMin`, `ResourcefullMax`) VALUES
(1, 'Megmutatja, hogy mekkora a karakter akaratereje, önuralma, higgadtsága, értelmi képessége, érzelmi és lelki állapota. Aktív bónusz: Mana számítás Passzív bónusz: -', 'Megmutatja, hogy milyen értelmes a karakter, mekkora a tanulási és probléma megoldó képessége. Aktív bónusz: Varázslói mágia, tanulás könnyítés (tanulási idő csökkentése), kapott tanulási pontok száma. Passzív bónusz: Dimenzió mágia, emlékezés, tudományos képzettségekkel szembeni mentődobás, kapott tanulási pont mértéke.', 5, 16, 'A karakter belső nyugalma és lelki tükre. Kifejezi, hogy mennyire hisz az elveiben, mennyire hűséges, mennyire lehet eltántorítani feladatától. Minél nagyobb az értéke, annál nehezebben lehet kibillenteni lelki egyensúlyából, felidegesíteni és kihozni a sodrából.  Aktív bónusz: Papi mágia, lélek és értelem alapú hatások elkerülése Passzív bónusz: Misztikus képzettségek tanulása, kapott chi pont mértéke.', 5, 16, 'Megmutatja, hogy a karakterünk mennyire elhatározott, és mentálisan mennyire kitartó. Mennyire hajlandó küzdeni azért, amit el akar érni. Mennyire képes átlépni a mentális és fizikai korlátokon, vagy épp ellenállni a mentális hatásoknak. Aktív bónusz: Nem papi mágia alkalmazása/ismerete, mentális hatások elkerülése, pszichonika. Passzív bónusz: Csodatétel, papi mágia, mentális és érzelmi hatások elkerülése, nem fizikai hatás által okozott bénulás elkerülése, Stamina visszanyerés mértéke.', 5, 20),
(2, 'Megmutatja, hogy mekkora a karakter akaratereje, önuralma, higgadtsága, értelmi képessége, érzelmi és lelki állapota. Aktív bónusz: Mana számítás Passzív bónusz: -', 'Megmutatja, hogy milyen értelmes a karakter, mekkora a tanulási és probléma megoldó képessége. Aktív bónusz: Varázslói mágia, tanulás könnyítés (tanulási idő csökkentése), kapott tanulási pontok száma. Passzív bónusz: Dimenzió mágia, emlékezés, tudományos képzettségekkel szembeni mentődobás, kapott tanulási pont mértéke.', 5, 16, 'A karakter belső nyugalma és lelki tükre. Kifejezi, hogy mennyire hisz az elveiben, mennyire hűséges, mennyire lehet eltántorítani feladatától. Minél nagyobb az értéke, annál nehezebben lehet kibillenteni lelki egyensúlyából, felidegesíteni és kihozni a sodrából.  Aktív bónusz: Papi mágia, lélek és értelem alapú hatások elkerülése Passzív bónusz: Misztikus képzettségek tanulása, kapott chi pont mértéke.', 5, 16, 'Megmutatja, hogy a karakterünk mennyire elhatározott, és mentálisan mennyire kitartó. Mennyire hajlandó küzdeni azért, amit el akar érni. Mennyire képes átlépni a mentális és fizikai korlátokon, vagy épp ellenállni a mentális hatásoknak. Aktív bónusz: Nem papi mágia alkalmazása/ismerete, mentális hatások elkerülése, pszichonika. Passzív bónusz: Csodatétel, papi mágia, mentális és érzelmi hatások elkerülése, nem fizikai hatás által okozott bénulás elkerülése, Stamina visszanyerés mértéke.', 5, 20),
(3, 'Megmutatja, hogy mekkora a karakter akaratereje, önuralma, higgadtsága, értelmi képessége, érzelmi és lelki állapota. Aktív bónusz: Mana számítás Passzív bónusz: -', 'Megmutatja, hogy milyen értelmes a karakter, mekkora a tanulási és probléma megoldó képessége. Aktív bónusz: Varázslói mágia, tanulás könnyítés (tanulási idő csökkentése), kapott tanulási pontok száma. Passzív bónusz: Dimenzió mágia, emlékezés, tudományos képzettségekkel szembeni mentődobás, kapott tanulási pont mértéke.', 3, 18, 'A karakter belső nyugalma és lelki tükre. Kifejezi, hogy mennyire hisz az elveiben, mennyire hűséges, mennyire lehet eltántorítani feladatától. Minél nagyobb az értéke, annál nehezebben lehet kibillenteni lelki egyensúlyából, felidegesíteni és kihozni a sodrából.  Aktív bónusz: Papi mágia, lélek és értelem alapú hatások elkerülése Passzív bónusz: Misztikus képzettségek tanulása, kapott chi pont mértéke.', 3, 25, 'Megmutatja, hogy a karakterünk mennyire elhatározott, és mentálisan mennyire kitartó. Mennyire hajlandó küzdeni azért, amit el akar érni. Mennyire képes átlépni a mentális és fizikai korlátokon, vagy épp ellenállni a mentális hatásoknak. Aktív bónusz: Nem papi mágia alkalmazása/ismerete, mentális hatások elkerülése, pszichonika. Passzív bónusz: Csodatétel, papi mágia, mentális és érzelmi hatások elkerülése, nem fizikai hatás által okozott bénulás elkerülése, Stamina visszanyerés mértéke.', 3, 16),
(4, 'Megmutatja, hogy mekkora a karakter akaratereje, önuralma, higgadtsága, értelmi képessége, érzelmi és lelki állapota. Aktív bónusz: Mana számítás Passzív bónusz: -', 'Megmutatja, hogy milyen értelmes a karakter, mekkora a tanulási és probléma megoldó képessége. Aktív bónusz: Varázslói mágia, tanulás könnyítés (tanulási idő csökkentése), kapott tanulási pontok száma. Passzív bónusz: Dimenzió mágia, emlékezés, tudományos képzettségekkel szembeni mentődobás, kapott tanulási pont mértéke.', 3, 18, 'A karakter belső nyugalma és lelki tükre. Kifejezi, hogy mennyire hisz az elveiben, mennyire hűséges, mennyire lehet eltántorítani feladatától. Minél nagyobb az értéke, annál nehezebben lehet kibillenteni lelki egyensúlyából, felidegesíteni és kihozni a sodrából.  Aktív bónusz: Papi mágia, lélek és értelem alapú hatások elkerülése Passzív bónusz: Misztikus képzettségek tanulása, kapott chi pont mértéke.', 3, 25, 'Megmutatja, hogy a karakterünk mennyire elhatározott, és mentálisan mennyire kitartó. Mennyire hajlandó küzdeni azért, amit el akar érni. Mennyire képes átlépni a mentális és fizikai korlátokon, vagy épp ellenállni a mentális hatásoknak. Aktív bónusz: Nem papi mágia alkalmazása/ismerete, mentális hatások elkerülése, pszichonika. Passzív bónusz: Csodatétel, papi mágia, mentális és érzelmi hatások elkerülése, nem fizikai hatás által okozott bénulás elkerülése, Stamina visszanyerés mértéke.', 3, 16),
(5, 'Megmutatja, hogy mekkora a karakter akaratereje, önuralma, higgadtsága, értelmi képessége, érzelmi és lelki állapota. Aktív bónusz: Mana számítás Passzív bónusz: -', 'Megmutatja, hogy milyen értelmes a karakter, mekkora a tanulási és probléma megoldó képessége. Aktív bónusz: Varázslói mágia, tanulás könnyítés (tanulási idő csökkentése), kapott tanulási pontok száma. Passzív bónusz: Dimenzió mágia, emlékezés, tudományos képzettségekkel szembeni mentődobás, kapott tanulási pont mértéke.', 3, 20, 'A karakter belső nyugalma és lelki tükre. Kifejezi, hogy mennyire hisz az elveiben, mennyire hűséges, mennyire lehet eltántorítani feladatától. Minél nagyobb az értéke, annál nehezebben lehet kibillenteni lelki egyensúlyából, felidegesíteni és kihozni a sodrából.  Aktív bónusz: Papi mágia, lélek és értelem alapú hatások elkerülése Passzív bónusz: Misztikus képzettségek tanulása, kapott chi pont mértéke.', 3, 20, 'Megmutatja, hogy a karakterünk mennyire elhatározott, és mentálisan mennyire kitartó. Mennyire hajlandó küzdeni azért, amit el akar érni. Mennyire képes átlépni a mentális és fizikai korlátokon, vagy épp ellenállni a mentális hatásoknak. Aktív bónusz: Nem papi mágia alkalmazása/ismerete, mentális hatások elkerülése, pszichonika. Passzív bónusz: Csodatétel, papi mágia, mentális és érzelmi hatások elkerülése, nem fizikai hatás által okozott bénulás elkerülése, Stamina visszanyerés mértéke.', 3, 20),
(6, 'Megmutatja, hogy mekkora a karakter akaratereje, önuralma, higgadtsága, értelmi képessége, érzelmi és lelki állapota. Aktív bónusz: Mana számítás Passzív bónusz: -', 'Megmutatja, hogy milyen értelmes a karakter, mekkora a tanulási és probléma megoldó képessége. Aktív bónusz: Varázslói mágia, tanulás könnyítés (tanulási idő csökkentése), kapott tanulási pontok száma. Passzív bónusz: Dimenzió mágia, emlékezés, tudományos képzettségekkel szembeni mentődobás, kapott tanulási pont mértéke.', 3, 20, 'A karakter belső nyugalma és lelki tükre. Kifejezi, hogy mennyire hisz az elveiben, mennyire hűséges, mennyire lehet eltántorítani feladatától. Minél nagyobb az értéke, annál nehezebben lehet kibillenteni lelki egyensúlyából, felidegesíteni és kihozni a sodrából.  Aktív bónusz: Papi mágia, lélek és értelem alapú hatások elkerülése Passzív bónusz: Misztikus képzettségek tanulása, kapott chi pont mértéke.', 3, 20, 'Megmutatja, hogy a karakterünk mennyire elhatározott, és mentálisan mennyire kitartó. Mennyire hajlandó küzdeni azért, amit el akar érni. Mennyire képes átlépni a mentális és fizikai korlátokon, vagy épp ellenállni a mentális hatásoknak. Aktív bónusz: Nem papi mágia alkalmazása/ismerete, mentális hatások elkerülése, pszichonika. Passzív bónusz: Csodatétel, papi mágia, mentális és érzelmi hatások elkerülése, nem fizikai hatás által okozott bénulás elkerülése, Stamina visszanyerés mértéke.', 3, 20),
(7, 'Megmutatja, hogy mekkora a karakter akaratereje, önuralma, higgadtsága, értelmi képessége, érzelmi és lelki állapota. Aktív bónusz: Mana számítás Passzív bónusz: -', 'Megmutatja, hogy milyen értelmes a karakter, mekkora a tanulási és probléma megoldó képessége. Aktív bónusz: Varázslói mágia, tanulás könnyítés (tanulási idő csökkentése), kapott tanulási pontok száma. Passzív bónusz: Dimenzió mágia, emlékezés, tudományos képzettségekkel szembeni mentődobás, kapott tanulási pont mértéke.', 3, 18, 'A karakter belső nyugalma és lelki tükre. Kifejezi, hogy mennyire hisz az elveiben, mennyire hűséges, mennyire lehet eltántorítani feladatától. Minél nagyobb az értéke, annál nehezebben lehet kibillenteni lelki egyensúlyából, felidegesíteni és kihozni a sodrából.  Aktív bónusz: Papi mágia, lélek és értelem alapú hatások elkerülése Passzív bónusz: Misztikus képzettségek tanulása, kapott chi pont mértéke.', 3, 25, 'Megmutatja, hogy a karakterünk mennyire elhatározott, és mentálisan mennyire kitartó. Mennyire hajlandó küzdeni azért, amit el akar érni. Mennyire képes átlépni a mentális és fizikai korlátokon, vagy épp ellenállni a mentális hatásoknak. Aktív bónusz: Nem papi mágia alkalmazása/ismerete, mentális hatások elkerülése, pszichonika. Passzív bónusz: Csodatétel, papi mágia, mentális és érzelmi hatások elkerülése, nem fizikai hatás által okozott bénulás elkerülése, Stamina visszanyerés mértéke.', 3, 16),
(8, 'Megmutatja, hogy mekkora a karakter akaratereje, önuralma, higgadtsága, értelmi képessége, érzelmi és lelki állapota. Aktív bónusz: Mana számítás Passzív bónusz: -', 'Megmutatja, hogy milyen értelmes a karakter, mekkora a tanulási és probléma megoldó képessége. Aktív bónusz: Varázslói mágia, tanulás könnyítés (tanulási idő csökkentése), kapott tanulási pontok száma. Passzív bónusz: Dimenzió mágia, emlékezés, tudományos képzettségekkel szembeni mentődobás, kapott tanulási pont mértéke.', 3, 18, 'A karakter belső nyugalma és lelki tükre. Kifejezi, hogy mennyire hisz az elveiben, mennyire hűséges, mennyire lehet eltántorítani feladatától. Minél nagyobb az értéke, annál nehezebben lehet kibillenteni lelki egyensúlyából, felidegesíteni és kihozni a sodrából.  Aktív bónusz: Papi mágia, lélek és értelem alapú hatások elkerülése Passzív bónusz: Misztikus képzettségek tanulása, kapott chi pont mértéke.', 3, 25, 'Megmutatja, hogy a karakterünk mennyire elhatározott, és mentálisan mennyire kitartó. Mennyire hajlandó küzdeni azért, amit el akar érni. Mennyire képes átlépni a mentális és fizikai korlátokon, vagy épp ellenállni a mentális hatásoknak. Aktív bónusz: Nem papi mágia alkalmazása/ismerete, mentális hatások elkerülése, pszichonika. Passzív bónusz: Csodatétel, papi mágia, mentális és érzelmi hatások elkerülése, nem fizikai hatás által okozott bénulás elkerülése, Stamina visszanyerés mértéke.', 3, 16),
(9, 'Megmutatja, hogy mekkora a karakter akaratereje, önuralma, higgadtsága, értelmi képessége, érzelmi és lelki állapota. Aktív bónusz: Mana számítás Passzív bónusz: -', 'Megmutatja, hogy milyen értelmes a karakter, mekkora a tanulási és probléma megoldó képessége. Aktív bónusz: Varázslói mágia, tanulás könnyítés (tanulási idő csökkentése), kapott tanulási pontok száma. Passzív bónusz: Dimenzió mágia, emlékezés, tudományos képzettségekkel szembeni mentődobás, kapott tanulási pont mértéke.', 3, 20, 'A karakter belső nyugalma és lelki tükre. Kifejezi, hogy mennyire hisz az elveiben, mennyire hűséges, mennyire lehet eltántorítani feladatától. Minél nagyobb az értéke, annál nehezebben lehet kibillenteni lelki egyensúlyából, felidegesíteni és kihozni a sodrából.  Aktív bónusz: Papi mágia, lélek és értelem alapú hatások elkerülése Passzív bónusz: Misztikus képzettségek tanulása, kapott chi pont mértéke.', 3, 20, 'Megmutatja, hogy a karakterünk mennyire elhatározott, és mentálisan mennyire kitartó. Mennyire hajlandó küzdeni azért, amit el akar érni. Mennyire képes átlépni a mentális és fizikai korlátokon, vagy épp ellenállni a mentális hatásoknak. Aktív bónusz: Nem papi mágia alkalmazása/ismerete, mentális hatások elkerülése, pszichonika. Passzív bónusz: Csodatétel, papi mágia, mentális és érzelmi hatások elkerülése, nem fizikai hatás által okozott bénulás elkerülése, Stamina visszanyerés mértéke.', 3, 20),
(10, 'Megmutatja, hogy mekkora a karakter akaratereje, önuralma, higgadtsága, értelmi képessége, érzelmi és lelki állapota. Aktív bónusz: Mana számítás Passzív bónusz: -', 'Megmutatja, hogy milyen értelmes a karakter, mekkora a tanulási és probléma megoldó képessége. Aktív bónusz: Varázslói mágia, tanulás könnyítés (tanulási idő csökkentése), kapott tanulási pontok száma. Passzív bónusz: Dimenzió mágia, emlékezés, tudományos képzettségekkel szembeni mentődobás, kapott tanulási pont mértéke.', 3, 20, 'A karakter belső nyugalma és lelki tükre. Kifejezi, hogy mennyire hisz az elveiben, mennyire hűséges, mennyire lehet eltántorítani feladatától. Minél nagyobb az értéke, annál nehezebben lehet kibillenteni lelki egyensúlyából, felidegesíteni és kihozni a sodrából.  Aktív bónusz: Papi mágia, lélek és értelem alapú hatások elkerülése Passzív bónusz: Misztikus képzettségek tanulása, kapott chi pont mértéke.', 3, 20, 'Megmutatja, hogy a karakterünk mennyire elhatározott, és mentálisan mennyire kitartó. Mennyire hajlandó küzdeni azért, amit el akar érni. Mennyire képes átlépni a mentális és fizikai korlátokon, vagy épp ellenállni a mentális hatásoknak. Aktív bónusz: Nem papi mágia alkalmazása/ismerete, mentális hatások elkerülése, pszichonika. Passzív bónusz: Csodatétel, papi mágia, mentális és érzelmi hatások elkerülése, nem fizikai hatás által okozott bénulás elkerülése, Stamina visszanyerés mértéke.', 3, 20),
(11, 'Megmutatja, hogy mekkora a karakter akaratereje, önuralma, higgadtsága, értelmi képessége, érzelmi és lelki állapota. Aktív bónusz: Mana számítás Passzív bónusz: -', 'Megmutatja, hogy milyen értelmes a karakter, mekkora a tanulási és probléma megoldó képessége. Aktív bónusz: Varázslói mágia, tanulás könnyítés (tanulási idő csökkentése), kapott tanulási pontok száma. Passzív bónusz: Dimenzió mágia, emlékezés, tudományos képzettségekkel szembeni mentődobás, kapott tanulási pont mértéke.', 3, 20, 'A karakter belső nyugalma és lelki tükre. Kifejezi, hogy mennyire hisz az elveiben, mennyire hűséges, mennyire lehet eltántorítani feladatától. Minél nagyobb az értéke, annál nehezebben lehet kibillenteni lelki egyensúlyából, felidegesíteni és kihozni a sodrából.  Aktív bónusz: Papi mágia, lélek és értelem alapú hatások elkerülése Passzív bónusz: Misztikus képzettségek tanulása, kapott chi pont mértéke.', 3, 20, 'Megmutatja, hogy a karakterünk mennyire elhatározott, és mentálisan mennyire kitartó. Mennyire hajlandó küzdeni azért, amit el akar érni. Mennyire képes átlépni a mentális és fizikai korlátokon, vagy épp ellenállni a mentális hatásoknak. Aktív bónusz: Nem papi mágia alkalmazása/ismerete, mentális hatások elkerülése, pszichonika. Passzív bónusz: Csodatétel, papi mágia, mentális és érzelmi hatások elkerülése, nem fizikai hatás által okozott bénulás elkerülése, Stamina visszanyerés mértéke.', 3, 20),
(12, 'Megmutatja, hogy mekkora a karakter akaratereje, önuralma, higgadtsága, értelmi képessége, érzelmi és lelki állapota. Aktív bónusz: Mana számítás Passzív bónusz: -', 'Megmutatja, hogy milyen értelmes a karakter, mekkora a tanulási és probléma megoldó képessége. Aktív bónusz: Varázslói mágia, tanulás könnyítés (tanulási idő csökkentése), kapott tanulási pontok száma. Passzív bónusz: Dimenzió mágia, emlékezés, tudományos képzettségekkel szembeni mentődobás, kapott tanulási pont mértéke.', 3, 20, 'A karakter belső nyugalma és lelki tükre. Kifejezi, hogy mennyire hisz az elveiben, mennyire hűséges, mennyire lehet eltántorítani feladatától. Minél nagyobb az értéke, annál nehezebben lehet kibillenteni lelki egyensúlyából, felidegesíteni és kihozni a sodrából.  Aktív bónusz: Papi mágia, lélek és értelem alapú hatások elkerülése Passzív bónusz: Misztikus képzettségek tanulása, kapott chi pont mértéke.', 3, 20, 'Megmutatja, hogy a karakterünk mennyire elhatározott, és mentálisan mennyire kitartó. Mennyire hajlandó küzdeni azért, amit el akar érni. Mennyire képes átlépni a mentális és fizikai korlátokon, vagy épp ellenállni a mentális hatásoknak. Aktív bónusz: Nem papi mágia alkalmazása/ismerete, mentális hatások elkerülése, pszichonika. Passzív bónusz: Csodatétel, papi mágia, mentális és érzelmi hatások elkerülése, nem fizikai hatás által okozott bénulás elkerülése, Stamina visszanyerés mértéke.', 3, 20),
(13, 'Megmutatja, hogy mekkora a karakter akaratereje, önuralma, higgadtsága, értelmi képessége, érzelmi és lelki állapota. Aktív bónusz: Mana számítás Passzív bónusz: -', 'Megmutatja, hogy milyen értelmes a karakter, mekkora a tanulási és probléma megoldó képessége. Aktív bónusz: Varázslói mágia, tanulás könnyítés (tanulási idő csökkentése), kapott tanulási pontok száma. Passzív bónusz: Dimenzió mágia, emlékezés, tudományos képzettségekkel szembeni mentődobás, kapott tanulási pont mértéke.', 5, 16, 'A karakter belső nyugalma és lelki tükre. Kifejezi, hogy mennyire hisz az elveiben, mennyire hűséges, mennyire lehet eltántorítani feladatától. Minél nagyobb az értéke, annál nehezebben lehet kibillenteni lelki egyensúlyából, felidegesíteni és kihozni a sodrából.  Aktív bónusz: Papi mágia, lélek és értelem alapú hatások elkerülése Passzív bónusz: Misztikus képzettségek tanulása, kapott chi pont mértéke.', 5, 16, 'Megmutatja, hogy a karakterünk mennyire elhatározott, és mentálisan mennyire kitartó. Mennyire hajlandó küzdeni azért, amit el akar érni. Mennyire képes átlépni a mentális és fizikai korlátokon, vagy épp ellenállni a mentális hatásoknak. Aktív bónusz: Nem papi mágia alkalmazása/ismerete, mentális hatások elkerülése, pszichonika. Passzív bónusz: Csodatétel, papi mágia, mentális és érzelmi hatások elkerülése, nem fizikai hatás által okozott bénulás elkerülése, Stamina visszanyerés mértéke.', 5, 20),
(14, 'Megmutatja, hogy mekkora a karakter akaratereje, önuralma, higgadtsága, értelmi képessége, érzelmi és lelki állapota. Aktív bónusz: Mana számítás Passzív bónusz: -', 'Megmutatja, hogy milyen értelmes a karakter, mekkora a tanulási és probléma megoldó képessége. Aktív bónusz: Varázslói mágia, tanulás könnyítés (tanulási idő csökkentése), kapott tanulási pontok száma. Passzív bónusz: Dimenzió mágia, emlékezés, tudományos képzettségekkel szembeni mentődobás, kapott tanulási pont mértéke.', 5, 16, 'A karakter belső nyugalma és lelki tükre. Kifejezi, hogy mennyire hisz az elveiben, mennyire hűséges, mennyire lehet eltántorítani feladatától. Minél nagyobb az értéke, annál nehezebben lehet kibillenteni lelki egyensúlyából, felidegesíteni és kihozni a sodrából.  Aktív bónusz: Papi mágia, lélek és értelem alapú hatások elkerülése Passzív bónusz: Misztikus képzettségek tanulása, kapott chi pont mértéke.', 5, 16, 'Megmutatja, hogy a karakterünk mennyire elhatározott, és mentálisan mennyire kitartó. Mennyire hajlandó küzdeni azért, amit el akar érni. Mennyire képes átlépni a mentális és fizikai korlátokon, vagy épp ellenállni a mentális hatásoknak. Aktív bónusz: Nem papi mágia alkalmazása/ismerete, mentális hatások elkerülése, pszichonika. Passzív bónusz: Csodatétel, papi mágia, mentális és érzelmi hatások elkerülése, nem fizikai hatás által okozott bénulás elkerülése, Stamina visszanyerés mértéke.', 5, 20),
(15, 'Megmutatja, hogy mekkora a karakter akaratereje, önuralma, higgadtsága, értelmi képessége, érzelmi és lelki állapota. Aktív bónusz: Mana számítás Passzív bónusz: -', 'Megmutatja, hogy milyen értelmes a karakter, mekkora a tanulási és probléma megoldó képessége. Aktív bónusz: Varázslói mágia, tanulás könnyítés (tanulási idő csökkentése), kapott tanulási pontok száma. Passzív bónusz: Dimenzió mágia, emlékezés, tudományos képzettségekkel szembeni mentődobás, kapott tanulási pont mértéke.', 3, 18, 'A karakter belső nyugalma és lelki tükre. Kifejezi, hogy mennyire hisz az elveiben, mennyire hűséges, mennyire lehet eltántorítani feladatától. Minél nagyobb az értéke, annál nehezebben lehet kibillenteni lelki egyensúlyából, felidegesíteni és kihozni a sodrából.  Aktív bónusz: Papi mágia, lélek és értelem alapú hatások elkerülése Passzív bónusz: Misztikus képzettségek tanulása, kapott chi pont mértéke.', 3, 25, 'Megmutatja, hogy a karakterünk mennyire elhatározott, és mentálisan mennyire kitartó. Mennyire hajlandó küzdeni azért, amit el akar érni. Mennyire képes átlépni a mentális és fizikai korlátokon, vagy épp ellenállni a mentális hatásoknak. Aktív bónusz: Nem papi mágia alkalmazása/ismerete, mentális hatások elkerülése, pszichonika. Passzív bónusz: Csodatétel, papi mágia, mentális és érzelmi hatások elkerülése, nem fizikai hatás által okozott bénulás elkerülése, Stamina visszanyerés mértéke.', 3, 16),
(16, 'Megmutatja, hogy mekkora a karakter akaratereje, önuralma, higgadtsága, értelmi képessége, érzelmi és lelki állapota. Aktív bónusz: Mana számítás Passzív bónusz: -', 'Megmutatja, hogy milyen értelmes a karakter, mekkora a tanulási és probléma megoldó képessége. Aktív bónusz: Varázslói mágia, tanulás könnyítés (tanulási idő csökkentése), kapott tanulási pontok száma. Passzív bónusz: Dimenzió mágia, emlékezés, tudományos képzettségekkel szembeni mentődobás, kapott tanulási pont mértéke.', 3, 18, 'A karakter belső nyugalma és lelki tükre. Kifejezi, hogy mennyire hisz az elveiben, mennyire hűséges, mennyire lehet eltántorítani feladatától. Minél nagyobb az értéke, annál nehezebben lehet kibillenteni lelki egyensúlyából, felidegesíteni és kihozni a sodrából.  Aktív bónusz: Papi mágia, lélek és értelem alapú hatások elkerülése Passzív bónusz: Misztikus képzettségek tanulása, kapott chi pont mértéke.', 3, 25, 'Megmutatja, hogy a karakterünk mennyire elhatározott, és mentálisan mennyire kitartó. Mennyire hajlandó küzdeni azért, amit el akar érni. Mennyire képes átlépni a mentális és fizikai korlátokon, vagy épp ellenállni a mentális hatásoknak. Aktív bónusz: Nem papi mágia alkalmazása/ismerete, mentális hatások elkerülése, pszichonika. Passzív bónusz: Csodatétel, papi mágia, mentális és érzelmi hatások elkerülése, nem fizikai hatás által okozott bénulás elkerülése, Stamina visszanyerés mértéke.', 3, 16),
(17, 'Megmutatja, hogy mekkora a karakter akaratereje, önuralma, higgadtsága, értelmi képessége, érzelmi és lelki állapota. Aktív bónusz: Mana számítás Passzív bónusz: -', 'Megmutatja, hogy milyen értelmes a karakter, mekkora a tanulási és probléma megoldó képessége. Aktív bónusz: Varázslói mágia, tanulás könnyítés (tanulási idő csökkentése), kapott tanulási pontok száma. Passzív bónusz: Dimenzió mágia, emlékezés, tudományos képzettségekkel szembeni mentődobás, kapott tanulási pont mértéke.', 5, 16, 'A karakter belső nyugalma és lelki tükre. Kifejezi, hogy mennyire hisz az elveiben, mennyire hűséges, mennyire lehet eltántorítani feladatától. Minél nagyobb az értéke, annál nehezebben lehet kibillenteni lelki egyensúlyából, felidegesíteni és kihozni a sodrából.  Aktív bónusz: Papi mágia, lélek és értelem alapú hatások elkerülése Passzív bónusz: Misztikus képzettségek tanulása, kapott chi pont mértéke.', 5, 16, 'Megmutatja, hogy a karakterünk mennyire elhatározott, és mentálisan mennyire kitartó. Mennyire hajlandó küzdeni azért, amit el akar érni. Mennyire képes átlépni a mentális és fizikai korlátokon, vagy épp ellenállni a mentális hatásoknak. Aktív bónusz: Nem papi mágia alkalmazása/ismerete, mentális hatások elkerülése, pszichonika. Passzív bónusz: Csodatétel, papi mágia, mentális és érzelmi hatások elkerülése, nem fizikai hatás által okozott bénulás elkerülése, Stamina visszanyerés mértéke.', 5, 20),
(18, 'Megmutatja, hogy mekkora a karakter akaratereje, önuralma, higgadtsága, értelmi képessége, érzelmi és lelki állapota. Aktív bónusz: Mana számítás Passzív bónusz: -', 'Megmutatja, hogy milyen értelmes a karakter, mekkora a tanulási és probléma megoldó képessége. Aktív bónusz: Varázslói mágia, tanulás könnyítés (tanulási idő csökkentése), kapott tanulási pontok száma. Passzív bónusz: Dimenzió mágia, emlékezés, tudományos képzettségekkel szembeni mentődobás, kapott tanulási pont mértéke.', 5, 16, 'A karakter belső nyugalma és lelki tükre. Kifejezi, hogy mennyire hisz az elveiben, mennyire hűséges, mennyire lehet eltántorítani feladatától. Minél nagyobb az értéke, annál nehezebben lehet kibillenteni lelki egyensúlyából, felidegesíteni és kihozni a sodrából.  Aktív bónusz: Papi mágia, lélek és értelem alapú hatások elkerülése Passzív bónusz: Misztikus képzettségek tanulása, kapott chi pont mértéke.', 5, 16, 'Megmutatja, hogy a karakterünk mennyire elhatározott, és mentálisan mennyire kitartó. Mennyire hajlandó küzdeni azért, amit el akar érni. Mennyire képes átlépni a mentális és fizikai korlátokon, vagy épp ellenállni a mentális hatásoknak. Aktív bónusz: Nem papi mágia alkalmazása/ismerete, mentális hatások elkerülése, pszichonika. Passzív bónusz: Csodatétel, papi mágia, mentális és érzelmi hatások elkerülése, nem fizikai hatás által okozott bénulás elkerülése, Stamina visszanyerés mértéke.', 5, 20),
(19, 'Megmutatja, hogy mekkora a karakter akaratereje, önuralma, higgadtsága, értelmi képessége, érzelmi és lelki állapota. Aktív bónusz: Mana számítás Passzív bónusz: -', 'Megmutatja, hogy milyen értelmes a karakter, mekkora a tanulási és probléma megoldó képessége. Aktív bónusz: Varázslói mágia, tanulás könnyítés (tanulási idő csökkentése), kapott tanulási pontok száma. Passzív bónusz: Dimenzió mágia, emlékezés, tudományos képzettségekkel szembeni mentődobás, kapott tanulási pont mértéke.', 5, 16, 'A karakter belső nyugalma és lelki tükre. Kifejezi, hogy mennyire hisz az elveiben, mennyire hűséges, mennyire lehet eltántorítani feladatától. Minél nagyobb az értéke, annál nehezebben lehet kibillenteni lelki egyensúlyából, felidegesíteni és kihozni a sodrából.  Aktív bónusz: Papi mágia, lélek és értelem alapú hatások elkerülése Passzív bónusz: Misztikus képzettségek tanulása, kapott chi pont mértéke.', 5, 16, 'Megmutatja, hogy a karakterünk mennyire elhatározott, és mentálisan mennyire kitartó. Mennyire hajlandó küzdeni azért, amit el akar érni. Mennyire képes átlépni a mentális és fizikai korlátokon, vagy épp ellenállni a mentális hatásoknak. Aktív bónusz: Nem papi mágia alkalmazása/ismerete, mentális hatások elkerülése, pszichonika. Passzív bónusz: Csodatétel, papi mágia, mentális és érzelmi hatások elkerülése, nem fizikai hatás által okozott bénulás elkerülése, Stamina visszanyerés mértéke.', 5, 20),
(20, 'Megmutatja, hogy mekkora a karakter akaratereje, önuralma, higgadtsága, értelmi képessége, érzelmi és lelki állapota. Aktív bónusz: Mana számítás Passzív bónusz: -', 'Megmutatja, hogy milyen értelmes a karakter, mekkora a tanulási és probléma megoldó képessége. Aktív bónusz: Varázslói mágia, tanulás könnyítés (tanulási idő csökkentése), kapott tanulási pontok száma. Passzív bónusz: Dimenzió mágia, emlékezés, tudományos képzettségekkel szembeni mentődobás, kapott tanulási pont mértéke.', 5, 16, 'A karakter belső nyugalma és lelki tükre. Kifejezi, hogy mennyire hisz az elveiben, mennyire hűséges, mennyire lehet eltántorítani feladatától. Minél nagyobb az értéke, annál nehezebben lehet kibillenteni lelki egyensúlyából, felidegesíteni és kihozni a sodrából.  Aktív bónusz: Papi mágia, lélek és értelem alapú hatások elkerülése Passzív bónusz: Misztikus képzettségek tanulása, kapott chi pont mértéke.', 5, 16, 'Megmutatja, hogy a karakterünk mennyire elhatározott, és mentálisan mennyire kitartó. Mennyire hajlandó küzdeni azért, amit el akar érni. Mennyire képes átlépni a mentális és fizikai korlátokon, vagy épp ellenállni a mentális hatásoknak. Aktív bónusz: Nem papi mágia alkalmazása/ismerete, mentális hatások elkerülése, pszichonika. Passzív bónusz: Csodatétel, papi mágia, mentális és érzelmi hatások elkerülése, nem fizikai hatás által okozott bénulás elkerülése, Stamina visszanyerés mértéke.', 5, 20),
(21, 'Megmutatja, hogy mekkora a karakter akaratereje, önuralma, higgadtsága, értelmi képessége, érzelmi és lelki állapota. Aktív bónusz: Mana számítás Passzív bónusz: -', 'Megmutatja, hogy milyen értelmes a karakter, mekkora a tanulási és probléma megoldó képessége. Aktív bónusz: Varázslói mágia, tanulás könnyítés (tanulási idő csökkentése), kapott tanulási pontok száma. Passzív bónusz: Dimenzió mágia, emlékezés, tudományos képzettségekkel szembeni mentődobás, kapott tanulási pont mértéke.', 3, 20, 'A karakter belső nyugalma és lelki tükre. Kifejezi, hogy mennyire hisz az elveiben, mennyire hűséges, mennyire lehet eltántorítani feladatától. Minél nagyobb az értéke, annál nehezebben lehet kibillenteni lelki egyensúlyából, felidegesíteni és kihozni a sodrából.  Aktív bónusz: Papi mágia, lélek és értelem alapú hatások elkerülése Passzív bónusz: Misztikus képzettségek tanulása, kapott chi pont mértéke.', 3, 20, 'Megmutatja, hogy a karakterünk mennyire elhatározott, és mentálisan mennyire kitartó. Mennyire hajlandó küzdeni azért, amit el akar érni. Mennyire képes átlépni a mentális és fizikai korlátokon, vagy épp ellenállni a mentális hatásoknak. Aktív bónusz: Nem papi mágia alkalmazása/ismerete, mentális hatások elkerülése, pszichonika. Passzív bónusz: Csodatétel, papi mágia, mentális és érzelmi hatások elkerülése, nem fizikai hatás által okozott bénulás elkerülése, Stamina visszanyerés mértéke.', 3, 20),
(22, 'Megmutatja, hogy mekkora a karakter akaratereje, önuralma, higgadtsága, értelmi képessége, érzelmi és lelki állapota. Aktív bónusz: Mana számítás Passzív bónusz: -', 'Megmutatja, hogy milyen értelmes a karakter, mekkora a tanulási és probléma megoldó képessége. Aktív bónusz: Varázslói mágia, tanulás könnyítés (tanulási idő csökkentése), kapott tanulási pontok száma. Passzív bónusz: Dimenzió mágia, emlékezés, tudományos képzettségekkel szembeni mentődobás, kapott tanulási pont mértéke.', 3, 20, 'A karakter belső nyugalma és lelki tükre. Kifejezi, hogy mennyire hisz az elveiben, mennyire hűséges, mennyire lehet eltántorítani feladatától. Minél nagyobb az értéke, annál nehezebben lehet kibillenteni lelki egyensúlyából, felidegesíteni és kihozni a sodrából.  Aktív bónusz: Papi mágia, lélek és értelem alapú hatások elkerülése Passzív bónusz: Misztikus képzettségek tanulása, kapott chi pont mértéke.', 3, 20, 'Megmutatja, hogy a karakterünk mennyire elhatározott, és mentálisan mennyire kitartó. Mennyire hajlandó küzdeni azért, amit el akar érni. Mennyire képes átlépni a mentális és fizikai korlátokon, vagy épp ellenállni a mentális hatásoknak. Aktív bónusz: Nem papi mágia alkalmazása/ismerete, mentális hatások elkerülése, pszichonika. Passzív bónusz: Csodatétel, papi mágia, mentális és érzelmi hatások elkerülése, nem fizikai hatás által okozott bénulás elkerülése, Stamina visszanyerés mértéke.', 3, 20);

-- --------------------------------------------------------

--
-- Tábla szerkezet ehhez a táblához `races`
--

DROP TABLE IF EXISTS `races`;
CREATE TABLE `races` (
  `Id` int(11) NOT NULL,
  `RaceName` varchar(32) DEFAULT NULL,
  `Gender` varchar(32) DEFAULT NULL,
  `Description` text DEFAULT NULL,
  `VitalityId` int(11) DEFAULT NULL,
  `DexterityId` int(11) DEFAULT NULL,
  `IntuitionId` int(11) DEFAULT NULL,
  `CharismaId` int(11) DEFAULT NULL
) ENGINE=InnoDB DEFAULT CHARSET=utf8mb4;

--
-- A tábla adatainak kiíratása `races`
--

INSERT INTO `races` (`Id`, `RaceName`, `Gender`, `Description`, `VitalityId`, `DexterityId`, `IntuitionId`, `CharismaId`) VALUES
(1, 'Forest Elf', 'Female', 'Living smaller or bigger cities in the wild.', 1, 1, 1, 1),
(2, 'Forest Elf', 'Male', 'Living smaller or bigger cities in the wild.', 2, 2, 2, 2),
(3, 'Surface Dwarf', 'Female', 'Living  smaller or bigger cities.', 3, 3, 3, 3),
(4, 'Surface Dwarf', 'Male', 'Living  smaller or bigger cities.', 4, 4, 4, 4),
(5, 'Hill Dwarf', 'Female', 'Living everywhere and nowhere.', 5, 5, 5, 5),
(6, 'Hill Dwarf', 'Male', 'Living everywhere and nowhere.', 6, 6, 6, 6),
(7, 'Nomad', 'Female', 'Living smaller or bigger camp in the wild.', 7, 7, 7, 7),
(8, 'Nomad', 'Male', 'Living smaller or bigger camp in the wild.', 8, 8, 8, 8),
(9, 'Mountain Dwarf', 'Female', 'Living smaller or bigger cities in caves.', 9, 9, 9, 9),
(10, 'Mountain Dwarf', 'Male', 'Living smaller or bigger cities in caves.', 10, 10, 10, 10),
(11, 'Northmen', 'Female', 'Living smaller or bigger camp in the northern place.', 11, 11, 11, 11),
(12, 'Northmen', 'Male', 'Living smaller or bigger camp in the northern place.', 12, 12, 12, 12),
(13, 'Savage', 'Female', 'Living smaller camp and cave in the wild.', 13, 13, 13, 13),
(14, 'Savage', 'Male', 'Living smaller camp and cave in the wild.', 14, 14, 14, 14),
(15, 'Shadow Elf', 'Female', 'Living everywhere and nowhere.', 15, 15, 15, 15),
(16, 'Shadow Elf', 'Male', 'Living everywhere and nowhere.', 16, 16, 16, 16),
(17, 'Swamp Elf', 'Female', 'Living smaller or bigger camp in the marsh.', 17, 17, 17, 17),
(18, 'Swamp Elf', 'Male', 'Living smaller or bigger camp in the marsh.', 18, 18, 18, 18),
(19, 'Town Elf', 'Female', 'Living  smaller or bigger cities.', 19, 19, 19, 19),
(20, 'Town Elf', 'Male', 'Living  smaller or bigger cities.', 20, 20, 20, 20),
(21, 'Townsman', 'Female', 'Living  smaller or bigger cities.', 21, 21, 21, 21),
(22, 'Townsman', 'Male', 'Living  smaller or bigger cities.', 22, 22, 22, 22);

-- --------------------------------------------------------

--
-- Tábla szerkezet ehhez a táblához `racesskills`
--

DROP TABLE IF EXISTS `racesskills`;
CREATE TABLE `racesskills` (
  `RaceId` int(11) DEFAULT NULL,
  `SkillId` int(11) DEFAULT NULL
) ENGINE=InnoDB DEFAULT CHARSET=utf8mb4;

--
-- A tábla adatainak kiíratása `racesskills`
--

INSERT INTO `racesskills` (`RaceId`, `SkillId`) VALUES
(1, 73),
(1, 3),
(1, 33),
(1, 93),
(1, 29),
(1, 30),
(1, 113),
(2, 68),
(2, 51),
(2, 88),
(2, 85),
(2, 88),
(2, 143),
(3, 37),
(3, 39),
(3, 116),
(3, 60),
(3, 120),
(3, 127),
(3, 78),
(4, 84),
(4, 113),
(4, 90),
(4, 72),
(4, 43),
(5, 93),
(5, 24),
(5, 141),
(5, 92),
(6, 85),
(6, 2),
(6, 82),
(6, 58),
(6, 34),
(6, 143),
(6, 139),
(7, 10),
(7, 71),
(7, 93),
(7, 147),
(7, 85),
(7, 49),
(7, 9),
(7, 109),
(8, 93),
(8, 113),
(8, 143),
(8, 102),
(8, 148),
(9, 101),
(9, 132),
(9, 91),
(9, 111),
(9, 70),
(9, 68),
(9, 128),
(9, 27),
(10, 145),
(10, 148),
(10, 58),
(10, 100),
(10, 107),
(10, 133),
(10, 82),
(11, 134),
(11, 8),
(11, 68),
(11, 121),
(11, 144),
(11, 119),
(12, 23),
(12, 35),
(12, 46),
(12, 43),
(13, 29),
(13, 102),
(13, 143),
(13, 89),
(13, 39),
(13, 134),
(13, 78),
(14, 33),
(14, 70),
(14, 53),
(14, 35),
(14, 44),
(14, 146),
(14, 3),
(15, 143),
(15, 61),
(15, 2),
(15, 69),
(15, 11),
(15, 44),
(15, 10),
(16, 80),
(16, 147),
(16, 110),
(16, 14),
(16, 86),
(16, 89),
(16, 35),
(17, 85),
(17, 97),
(17, 71),
(17, 43),
(18, 121),
(18, 62),
(18, 126),
(18, 56),
(19, 37),
(19, 64),
(19, 108),
(19, 34),
(19, 77),
(19, 151),
(19, 117),
(19, 68),
(19, 32),
(20, 45),
(20, 127),
(20, 73),
(20, 137),
(20, 93),
(20, 49),
(20, 10),
(20, 45),
(21, 64),
(21, 10),
(21, 97),
(21, 35),
(22, 102),
(22, 100),
(22, 75),
(22, 112),
(22, 86);

-- --------------------------------------------------------

--
-- Tábla szerkezet ehhez a táblához `skills`
--

DROP TABLE IF EXISTS `skills`;
CREATE TABLE `skills` (
  `Id` int(11) NOT NULL,
  `SkillName` varchar(32) DEFAULT NULL,
  `SkillCost` int(11) DEFAULT NULL,
  `SkillClass` varchar(32) DEFAULT NULL
) ENGINE=InnoDB DEFAULT CHARSET=utf8mb4;

--
-- A tábla adatainak kiíratása `skills`
--

INSERT INTO `skills` (`Id`, `SkillName`, `SkillCost`, `SkillClass`) VALUES
(1, 'Acrobatics', 2, 'physical'),
(2, 'Camouflage', 1, 'combat'),
(3, 'Alchemy', 2, 'scolar'),
(4, 'Animal handling', 1, 'social'),
(5, 'Power of material', 2, 'social'),
(6, 'Ateism', 1, 'scolar'),
(7, 'Mining', 1, 'physical'),
(8, 'Biology', 2, 'scolar'),
(9, 'Wrestling', 2, 'combat'),
(10, 'Witchcraft', 3, 'scolar'),
(11, 'Hint', 3, 'physical'),
(12, 'Heraldry', 1, 'scolar'),
(13, 'Temptation', 1, 'social'),
(14, 'Trap statement', 1, 'combat'),
(15, 'Disarm trap', 1, 'combat'),
(16, 'Astrology', 1, 'scolar'),
(17, 'Demonology', 2, 'scolar'),
(18, 'Toss', 3, 'physical'),
(19, 'Vigilance', 1, 'physical'),
(20, 'One-handed fight', 2, 'combat'),
(21, 'Jewellery', 1, 'scolar'),
(22, 'Antimagic', 1, 'scolar'),
(23, 'Power of mind', 2, 'scolar'),
(24, 'Psychology (race)', 1, 'scolar'),
(25, 'Singing', 1, 'social'),
(26, 'Architecture', 1, 'scolar'),
(27, 'Valuations', 1, 'scolar'),
(28, 'Morality', 3, 'social'),
(29, 'Etiquette', 1, 'scolar'),
(30, 'Pain tolerance', 1, 'physical'),
(31, 'Weapon skills', 1, 'combat'),
(32, 'Painting', 1, 'scolar'),
(33, 'Paint', 2, 'scolar'),
(34, 'Geography', 1, 'scolar'),
(35, 'Running', 1, 'physical'),
(36, 'Ability of mysticism', 3, 'scolar'),
(37, 'Fighting magic of Gero\'dar', 3, 'combat'),
(38, 'Golem making', 2, 'combat'),
(39, 'Herbalism', 2, 'scolar'),
(40, 'Healing', 2, 'scolar'),
(41, 'Order of battle', 1, 'combat'),
(42, 'Military leadership', 1, 'combat'),
(43, 'Throw', 2, 'combat'),
(44, 'Shipping', 1, 'social'),
(45, 'Falsification', 1, 'social'),
(46, 'Onomatopoeia', 1, 'scolar'),
(47, 'Martial art', 3, 'combat'),
(48, 'Ventriloquism', 1, 'social'),
(49, 'Liaring', 1, 'social'),
(50, 'Mountaineering', 1, 'physical'),
(51, 'Time reading', 1, 'scolar'),
(52, 'Bow making', 1, 'physical'),
(53, 'Pray', 3, 'scolar'),
(54, 'Provocation', 1, 'scolar'),
(55, 'Direction detection', 1, 'social'),
(56, 'Reading, writing', 1, 'scolar'),
(57, 'Law', 1, 'scolar'),
(58, 'Searching', 2, 'social'),
(59, 'Dealership', 2, 'social'),
(60, 'Two-handed fight', 2, 'combat'),
(61, 'Torturing', 1, 'combat'),
(62, 'Persistence', 1, 'physical'),
(63, 'Car drive', 1, 'physical'),
(64, 'Poetry', 1, 'scolar'),
(65, 'Balance', 1, 'physical'),
(66, 'Binding', 1, 'combat'),
(67, 'Forging', 2, 'physical'),
(68, 'Close combat', 3, 'physical'),
(69, 'Disarmament', 2, 'combat'),
(70, 'Legendary knowledge', 2, 'scolar'),
(71, 'Breath holding', 1, 'physical'),
(72, 'Gunpowder use', 2, 'combat'),
(73, 'Riding', 1, 'physical'),
(74, 'Secondary weapon', 2, 'combat'),
(75, 'Climbing', 1, 'physical'),
(76, 'Meditation', 1, 'scolar'),
(77, 'Cognition', 2, 'scolar'),
(78, 'Poison mixing', 2, 'scolar'),
(79, 'Engineering knowledge', 1, 'scolar'),
(80, 'Master shooting', 2, 'combat'),
(81, 'Agriculture', 1, 'physical'),
(82, 'Dirty fighting style', 3, 'combat'),
(83, 'Art', 1, 'scolar'),
(84, 'Postumus knowledge', 1, 'scolar'),
(85, 'Botany', 1, 'scolar'),
(86, 'Language', 1, 'scolar'),
(87, 'Track and disappearance', 1, 'social'),
(88, 'Knock-down', 2, 'combat'),
(89, 'Self-control', 2, 'scolar'),
(90, 'Assassination', 2, 'combat'),
(91, 'Ancient element', 2, 'scolar'),
(92, 'Shield use', 2, 'combat'),
(93, 'Command', 1, 'combat'),
(94, 'Politics', 1, 'scolar'),
(95, 'Persuasion', 2, 'social'),
(96, 'Consciousness controls (pszionik', 3, 'scolar'),
(97, 'Stealth', 2, 'physical'),
(98, 'Shamanism', 2, 'scolar'),
(99, 'Blood magic', 3, 'physical'),
(100, 'Salvation', 1, 'physical'),
(101, 'Lip-reading', 1, 'scolar'),
(102, 'Cooking', 1, 'social'),
(103, 'Gambling', 1, 'social'),
(104, 'Sculpture', 1, 'scolar'),
(105, 'Dance', 1, 'physical'),
(106, 'Teach', 2, 'scolar'),
(107, 'Cartography', 1, 'scolar'),
(108, 'Power of body', 2, 'scolar'),
(109, 'Tattoo', 1, 'scolar'),
(110, 'Knowledge of history', 1, 'scolar'),
(111, 'Trans', 1, 'social'),
(112, 'Survival', 1, 'physical'),
(113, 'Leap', 1, 'physical'),
(114, 'Swim', 1, 'physical'),
(115, 'Glass blowing', 1, 'physical'),
(116, 'Hunting', 1, 'physical'),
(117, 'Blind battle', 1, 'combat'),
(118, 'Religious knowledge', 1, 'scolar'),
(119, 'Sorcery', 3, 'scolar'),
(120, 'Urban life', 1, 'social'),
(121, 'Armor wear', 1, 'physical'),
(122, 'Lock opening', 1, 'physical'),
(123, 'Music', 1, 'scolar'),
(124, 'Pickpocketing', 1, 'social'),
(125, 'Juggling', 1, 'social'),
(126, 'Auscultation', 3, 'social'),
(127, 'Flying', 3, 'physical'),
(128, 'Orientation', 2, 'social'),
(129, 'Handicraft', 1, 'social'),
(130, 'Pottery', 1, 'physical'),
(131, 'Tailoring', 1, 'physical'),
(132, 'Shoemaking', 1, 'physical'),
(133, 'Fishing', 1, 'physical'),
(134, 'Innkeeper', 1, 'social'),
(135, 'Leatherworker', 2, 'physical'),
(136, 'Ore', 2, 'physical'),
(137, 'Stableman', 1, 'physical'),
(138, 'Cheesemaker', 2, 'physical'),
(139, 'Carpenter', 2, 'physical'),
(140, 'Joiner', 2, 'physical'),
(141, 'Butcher', 1, 'physical'),
(142, 'Baker', 1, 'physical'),
(143, 'Weave', 1, 'physical'),
(144, 'Preparator', 2, 'physical'),
(145, 'Knowledge of fire element', 3, 'scolar'),
(146, 'Knowledge of earth element', 3, 'scolar'),
(147, 'Knowledge of air element', 3, 'scolar'),
(148, 'Knowledge of water element', 3, 'scolar'),
(149, 'Chronicle', 2, 'scolar'),
(150, 'Blacksmith', 2, 'physical'),
(151, 'Gunsmith', 2, 'physical'),
(152, 'Armorer', 2, 'physical');

-- --------------------------------------------------------

--
-- Tábla szerkezet ehhez a táblához `vitalitys`
--

DROP TABLE IF EXISTS `vitalitys`;
CREATE TABLE `vitalitys` (
  `Id` int(11) NOT NULL,
  `Description` text DEFAULT NULL,
  `StrengthDescription` text DEFAULT NULL,
  `StrengthMin` int(11) DEFAULT NULL,
  `StrengthMax` int(11) DEFAULT NULL,
  `EnduranceDescription` text DEFAULT NULL,
  `EnduranceMin` int(11) DEFAULT NULL,
  `EnduranceMax` int(11) DEFAULT NULL,
  `ToughtnessDescription` text DEFAULT NULL,
  `ToughtnessMin` int(11) DEFAULT NULL,
  `ToughtnessMax` int(11) DEFAULT NULL
) ENGINE=InnoDB DEFAULT CHARSET=utf8mb4;

--
-- A tábla adatainak kiíratása `vitalitys`
--

INSERT INTO `vitalitys` (`Id`, `Description`, `StrengthDescription`, `StrengthMin`, `StrengthMax`, `EnduranceDescription`, `EnduranceMin`, `EnduranceMax`, `ToughtnessDescription`, `ToughtnessMin`, `ToughtnessMax`) VALUES
(1, 'Megmutatja, hogy a karakter mennyire egészséges, mennyi az életereje. Az erõnlétet meghatárózó értékek, bónuszok összessége. A vitality 30 feletti része képezi az alap életerõnket. (Health bar) Aktív bónusz: Health számítása Passzív bónusz: -', 'Megmutatja, hogy mekkora a karakter fizikai ereje, mekkorát támadni, mekkora tömeget tud megmozgatni. Aktív bónusz: Közelharci sebzés, csonttörés esélye, nehéz tárgyak megmozdításának esélye, teherbírás. Passzív bónusz: Közelharci sebzés, csonttörés esélye, nehéz tárgyak megmozdításának esélye, teherbírás.', 5, 18, 'Megmutatja, hogy a karakter mennyire kitartó, illetve milyen nehezen veszti el az eszméletét. Minél magasabb, annál nehezebben és annál több sérülést képes elviselni. Az aktív bónusza beleszámít az alap staminába. Aktív bónusz: Az aktív bónusza beleszámít az alap staminába. Passzív bónusz: Lassabban fárad a karakter, csökkenti a stamina vesztést, függetlenül a viselt vértezet osztálytól illetve a varázslat megtörésének az esélyét sérüléskor.', 5, 16, 'Megmutatja, hogy a karakter mennyire szívós, mennyire tud a külsõ hatásoknak ellenállni. Az aktív bónusza beleszámít az alap staminába. Aktív bónusz: Alap életerõ, vérzés, méreg és betegség ellenállás. Vérzés, méreg vagy betegség esetén a negatív állapot elkerülése. Vérzés elállásához és gyógyuláshoz szükséges idõhosszt csökkenti. Passzív bónusz: Gyógyulási sebesség változása pihenéskor. Alap életerõ, vérzés, méreg és betegség ellenállás. Vérzés, méreg vagy betegség esetén a negatív állapot elkerülése.', 5, 16),
(2, 'Megmutatja, hogy a karakter mennyire egészséges, mennyi az életereje. Az erõnlétet meghatárózó értékek, bónuszok összessége. A vitality 30 feletti része képezi az alap életerõnket. (Health bar) Aktív bónusz: Health számítása Passzív bónusz: -', 'Megmutatja, hogy mekkora a karakter fizikai ereje, mekkorát támadni, mekkora tömeget tud megmozgatni. Aktív bónusz: Közelharci sebzés, csonttörés esélye, nehéz tárgyak megmozdításának esélye, teherbírás. Passzív bónusz: Közelharci sebzés, csonttörés esélye, nehéz tárgyak megmozdításának esélye, teherbírás.', 5, 18, 'Megmutatja, hogy a karakter mennyire kitartó, illetve milyen nehezen veszti el az eszméletét. Minél magasabb, annál nehezebben és annál több sérülést képes elviselni. Az aktív bónusza beleszámít az alap staminába. Aktív bónusz: Az aktív bónusza beleszámít az alap staminába. Passzív bónusz: Lassabban fárad a karakter, csökkenti a stamina vesztést, függetlenül a viselt vértezet osztálytól illetve a varázslat megtörésének az esélyét sérüléskor.', 5, 16, 'Megmutatja, hogy a karakter mennyire szívós, mennyire tud a külsõ hatásoknak ellenállni. Az aktív bónusza beleszámít az alap staminába. Aktív bónusz: Alap életerõ, vérzés, méreg és betegség ellenállás. Vérzés, méreg vagy betegség esetén a negatív állapot elkerülése. Vérzés elállásához és gyógyuláshoz szükséges idõhosszt csökkenti. Passzív bónusz: Gyógyulási sebesség változása pihenéskor. Alap életerõ, vérzés, méreg és betegség ellenállás. Vérzés, méreg vagy betegség esetén a negatív állapot elkerülése.', 5, 16),
(3, 'Megmutatja, hogy a karakter mennyire egészséges, mennyi az életereje. Az erõnlétet meghatárózó értékek, bónuszok összessége. A vitality 30 feletti része képezi az alap életerõnket. (Health bar) Aktív bónusz: Health számítása Passzív bónusz: -', 'Megmutatja, hogy mekkora a karakter fizikai ereje, mekkorát támadni, mekkora tömeget tud megmozgatni. Aktív bónusz: Közelharci sebzés, csonttörés esélye, nehéz tárgyak megmozdításának esélye, teherbírás. Passzív bónusz: Közelharci sebzés, csonttörés esélye, nehéz tárgyak megmozdításának esélye, teherbírás.', 10, 20, 'Megmutatja, hogy a karakter mennyire kitartó, illetve milyen nehezen veszti el az eszméletét. Minél magasabb, annál nehezebben és annál több sérülést képes elviselni. Az aktív bónusza beleszámít az alap staminába. Aktív bónusz: Az aktív bónusza beleszámít az alap staminába. Passzív bónusz: Lassabban fárad a karakter, csökkenti a stamina vesztést, függetlenül a viselt vértezet osztálytól illetve a varázslat megtörésének az esélyét sérüléskor.', 10, 25, 'Megmutatja, hogy a karakter mennyire szívós, mennyire tud a külsõ hatásoknak ellenállni. Az aktív bónusza beleszámít az alap staminába. Aktív bónusz: Alap életerõ, vérzés, méreg és betegség ellenállás. Vérzés, méreg vagy betegség esetén a negatív állapot elkerülése. Vérzés elállásához és gyógyuláshoz szükséges idõhosszt csökkenti. Passzív bónusz: Gyógyulási sebesség változása pihenéskor. Alap életerõ, vérzés, méreg és betegség ellenállás. Vérzés, méreg vagy betegség esetén a negatív állapot elkerülése.', 10, 25),
(4, 'Megmutatja, hogy a karakter mennyire egészséges, mennyi az életereje. Az erõnlétet meghatárózó értékek, bónuszok összessége. A vitality 30 feletti része képezi az alap életerõnket. (Health bar) Aktív bónusz: Health számítása Passzív bónusz: -', 'Megmutatja, hogy mekkora a karakter fizikai ereje, mekkorát támadni, mekkora tömeget tud megmozgatni. Aktív bónusz: Közelharci sebzés, csonttörés esélye, nehéz tárgyak megmozdításának esélye, teherbírás. Passzív bónusz: Közelharci sebzés, csonttörés esélye, nehéz tárgyak megmozdításának esélye, teherbírás.', 10, 20, 'Megmutatja, hogy a karakter mennyire kitartó, illetve milyen nehezen veszti el az eszméletét. Minél magasabb, annál nehezebben és annál több sérülést képes elviselni. Az aktív bónusza beleszámít az alap staminába. Aktív bónusz: Az aktív bónusza beleszámít az alap staminába. Passzív bónusz: Lassabban fárad a karakter, csökkenti a stamina vesztést, függetlenül a viselt vértezet osztálytól illetve a varázslat megtörésének az esélyét sérüléskor.', 10, 25, 'Megmutatja, hogy a karakter mennyire szívós, mennyire tud a külsõ hatásoknak ellenállni. Az aktív bónusza beleszámít az alap staminába. Aktív bónusz: Alap életerõ, vérzés, méreg és betegség ellenállás. Vérzés, méreg vagy betegség esetén a negatív állapot elkerülése. Vérzés elállásához és gyógyuláshoz szükséges idõhosszt csökkenti. Passzív bónusz: Gyógyulási sebesség változása pihenéskor. Alap életerõ, vérzés, méreg és betegség ellenállás. Vérzés, méreg vagy betegség esetén a negatív állapot elkerülése.', 10, 25),
(5, 'Megmutatja, hogy a karakter mennyire egészséges, mennyi az életereje. Az erõnlétet meghatárózó értékek, bónuszok összessége. A vitality 30 feletti része képezi az alap életerõnket. (Health bar) Aktív bónusz: Health számítása Passzív bónusz: -', 'Megmutatja, hogy mekkora a karakter fizikai ereje, mekkorát támadni, mekkora tömeget tud megmozgatni. Aktív bónusz: Közelharci sebzés, csonttörés esélye, nehéz tárgyak megmozdításának esélye, teherbírás. Passzív bónusz: Közelharci sebzés, csonttörés esélye, nehéz tárgyak megmozdításának esélye, teherbírás.', 3, 20, 'Megmutatja, hogy a karakter mennyire kitartó, illetve milyen nehezen veszti el az eszméletét. Minél magasabb, annál nehezebben és annál több sérülést képes elviselni. Az aktív bónusza beleszámít az alap staminába. Aktív bónusz: Az aktív bónusza beleszámít az alap staminába. Passzív bónusz: Lassabban fárad a karakter, csökkenti a stamina vesztést, függetlenül a viselt vértezet osztálytól illetve a varázslat megtörésének az esélyét sérüléskor.', 3, 20, 'Megmutatja, hogy a karakter mennyire szívós, mennyire tud a külsõ hatásoknak ellenállni. Az aktív bónusza beleszámít az alap staminába. Aktív bónusz: Alap életerõ, vérzés, méreg és betegség ellenállás. Vérzés, méreg vagy betegség esetén a negatív állapot elkerülése. Vérzés elállásához és gyógyuláshoz szükséges idõhosszt csökkenti. Passzív bónusz: Gyógyulási sebesség változása pihenéskor. Alap életerõ, vérzés, méreg és betegség ellenállás. Vérzés, méreg vagy betegség esetén a negatív állapot elkerülése.', 3, 20),
(6, 'Megmutatja, hogy a karakter mennyire egészséges, mennyi az életereje. Az erõnlétet meghatárózó értékek, bónuszok összessége. A vitality 30 feletti része képezi az alap életerõnket. (Health bar) Aktív bónusz: Health számítása Passzív bónusz: -', 'Megmutatja, hogy mekkora a karakter fizikai ereje, mekkorát támadni, mekkora tömeget tud megmozgatni. Aktív bónusz: Közelharci sebzés, csonttörés esélye, nehéz tárgyak megmozdításának esélye, teherbírás. Passzív bónusz: Közelharci sebzés, csonttörés esélye, nehéz tárgyak megmozdításának esélye, teherbírás.', 3, 20, 'Megmutatja, hogy a karakter mennyire kitartó, illetve milyen nehezen veszti el az eszméletét. Minél magasabb, annál nehezebben és annál több sérülést képes elviselni. Az aktív bónusza beleszámít az alap staminába. Aktív bónusz: Az aktív bónusza beleszámít az alap staminába. Passzív bónusz: Lassabban fárad a karakter, csökkenti a stamina vesztést, függetlenül a viselt vértezet osztálytól illetve a varázslat megtörésének az esélyét sérüléskor.', 3, 20, 'Megmutatja, hogy a karakter mennyire szívós, mennyire tud a külsõ hatásoknak ellenállni. Az aktív bónusza beleszámít az alap staminába. Aktív bónusz: Alap életerõ, vérzés, méreg és betegség ellenállás. Vérzés, méreg vagy betegség esetén a negatív állapot elkerülése. Vérzés elállásához és gyógyuláshoz szükséges idõhosszt csökkenti. Passzív bónusz: Gyógyulási sebesség változása pihenéskor. Alap életerõ, vérzés, méreg és betegség ellenállás. Vérzés, méreg vagy betegség esetén a negatív állapot elkerülése.', 3, 20),
(7, 'Megmutatja, hogy a karakter mennyire egészséges, mennyi az életereje. Az erõnlétet meghatárózó értékek, bónuszok összessége. A vitality 30 feletti része képezi az alap életerõnket. (Health bar) Aktív bónusz: Health számítása Passzív bónusz: -', 'Megmutatja, hogy mekkora a karakter fizikai ereje, mekkorát támadni, mekkora tömeget tud megmozgatni. Aktív bónusz: Közelharci sebzés, csonttörés esélye, nehéz tárgyak megmozdításának esélye, teherbírás. Passzív bónusz: Közelharci sebzés, csonttörés esélye, nehéz tárgyak megmozdításának esélye, teherbírás.', 10, 20, 'Megmutatja, hogy a karakter mennyire kitartó, illetve milyen nehezen veszti el az eszméletét. Minél magasabb, annál nehezebben és annál több sérülést képes elviselni. Az aktív bónusza beleszámít az alap staminába. Aktív bónusz: Az aktív bónusza beleszámít az alap staminába. Passzív bónusz: Lassabban fárad a karakter, csökkenti a stamina vesztést, függetlenül a viselt vértezet osztálytól illetve a varázslat megtörésének az esélyét sérüléskor.', 10, 25, 'Megmutatja, hogy a karakter mennyire szívós, mennyire tud a külsõ hatásoknak ellenállni. Az aktív bónusza beleszámít az alap staminába. Aktív bónusz: Alap életerõ, vérzés, méreg és betegség ellenállás. Vérzés, méreg vagy betegség esetén a negatív állapot elkerülése. Vérzés elállásához és gyógyuláshoz szükséges idõhosszt csökkenti. Passzív bónusz: Gyógyulási sebesség változása pihenéskor. Alap életerõ, vérzés, méreg és betegség ellenállás. Vérzés, méreg vagy betegség esetén a negatív állapot elkerülése.', 10, 25),
(8, 'Megmutatja, hogy a karakter mennyire egészséges, mennyi az életereje. Az erõnlétet meghatárózó értékek, bónuszok összessége. A vitality 30 feletti része képezi az alap életerõnket. (Health bar) Aktív bónusz: Health számítása Passzív bónusz: -', 'Megmutatja, hogy mekkora a karakter fizikai ereje, mekkorát támadni, mekkora tömeget tud megmozgatni. Aktív bónusz: Közelharci sebzés, csonttörés esélye, nehéz tárgyak megmozdításának esélye, teherbírás. Passzív bónusz: Közelharci sebzés, csonttörés esélye, nehéz tárgyak megmozdításának esélye, teherbírás.', 10, 20, 'Megmutatja, hogy a karakter mennyire kitartó, illetve milyen nehezen veszti el az eszméletét. Minél magasabb, annál nehezebben és annál több sérülést képes elviselni. Az aktív bónusza beleszámít az alap staminába. Aktív bónusz: Az aktív bónusza beleszámít az alap staminába. Passzív bónusz: Lassabban fárad a karakter, csökkenti a stamina vesztést, függetlenül a viselt vértezet osztálytól illetve a varázslat megtörésének az esélyét sérüléskor.', 10, 25, 'Megmutatja, hogy a karakter mennyire szívós, mennyire tud a külsõ hatásoknak ellenállni. Az aktív bónusza beleszámít az alap staminába. Aktív bónusz: Alap életerõ, vérzés, méreg és betegség ellenállás. Vérzés, méreg vagy betegség esetén a negatív állapot elkerülése. Vérzés elállásához és gyógyuláshoz szükséges idõhosszt csökkenti. Passzív bónusz: Gyógyulási sebesség változása pihenéskor. Alap életerõ, vérzés, méreg és betegség ellenállás. Vérzés, méreg vagy betegség esetén a negatív állapot elkerülése.', 10, 25),
(9, 'Megmutatja, hogy a karakter mennyire egészséges, mennyi az életereje. Az erõnlétet meghatárózó értékek, bónuszok összessége. A vitality 30 feletti része képezi az alap életerõnket. (Health bar) Aktív bónusz: Health számítása Passzív bónusz: -', 'Megmutatja, hogy mekkora a karakter fizikai ereje, mekkorát támadni, mekkora tömeget tud megmozgatni. Aktív bónusz: Közelharci sebzés, csonttörés esélye, nehéz tárgyak megmozdításának esélye, teherbírás. Passzív bónusz: Közelharci sebzés, csonttörés esélye, nehéz tárgyak megmozdításának esélye, teherbírás.', 3, 20, 'Megmutatja, hogy a karakter mennyire kitartó, illetve milyen nehezen veszti el az eszméletét. Minél magasabb, annál nehezebben és annál több sérülést képes elviselni. Az aktív bónusza beleszámít az alap staminába. Aktív bónusz: Az aktív bónusza beleszámít az alap staminába. Passzív bónusz: Lassabban fárad a karakter, csökkenti a stamina vesztést, függetlenül a viselt vértezet osztálytól illetve a varázslat megtörésének az esélyét sérüléskor.', 3, 20, 'Megmutatja, hogy a karakter mennyire szívós, mennyire tud a külsõ hatásoknak ellenállni. Az aktív bónusza beleszámít az alap staminába. Aktív bónusz: Alap életerõ, vérzés, méreg és betegség ellenállás. Vérzés, méreg vagy betegség esetén a negatív állapot elkerülése. Vérzés elállásához és gyógyuláshoz szükséges idõhosszt csökkenti. Passzív bónusz: Gyógyulási sebesség változása pihenéskor. Alap életerõ, vérzés, méreg és betegség ellenállás. Vérzés, méreg vagy betegség esetén a negatív állapot elkerülése.', 3, 20),
(10, 'Megmutatja, hogy a karakter mennyire egészséges, mennyi az életereje. Az erõnlétet meghatárózó értékek, bónuszok összessége. A vitality 30 feletti része képezi az alap életerõnket. (Health bar) Aktív bónusz: Health számítása Passzív bónusz: -', 'Megmutatja, hogy mekkora a karakter fizikai ereje, mekkorát támadni, mekkora tömeget tud megmozgatni. Aktív bónusz: Közelharci sebzés, csonttörés esélye, nehéz tárgyak megmozdításának esélye, teherbírás. Passzív bónusz: Közelharci sebzés, csonttörés esélye, nehéz tárgyak megmozdításának esélye, teherbírás.', 3, 20, 'Megmutatja, hogy a karakter mennyire kitartó, illetve milyen nehezen veszti el az eszméletét. Minél magasabb, annál nehezebben és annál több sérülést képes elviselni. Az aktív bónusza beleszámít az alap staminába. Aktív bónusz: Az aktív bónusza beleszámít az alap staminába. Passzív bónusz: Lassabban fárad a karakter, csökkenti a stamina vesztést, függetlenül a viselt vértezet osztálytól illetve a varázslat megtörésének az esélyét sérüléskor.', 3, 20, 'Megmutatja, hogy a karakter mennyire szívós, mennyire tud a külsõ hatásoknak ellenállni. Az aktív bónusza beleszámít az alap staminába. Aktív bónusz: Alap életerõ, vérzés, méreg és betegség ellenállás. Vérzés, méreg vagy betegség esetén a negatív állapot elkerülése. Vérzés elállásához és gyógyuláshoz szükséges idõhosszt csökkenti. Passzív bónusz: Gyógyulási sebesség változása pihenéskor. Alap életerõ, vérzés, méreg és betegség ellenállás. Vérzés, méreg vagy betegség esetén a negatív állapot elkerülése.', 3, 20),
(11, 'Megmutatja, hogy a karakter mennyire egészséges, mennyi az életereje. Az erõnlétet meghatárózó értékek, bónuszok összessége. A vitality 30 feletti része képezi az alap életerõnket. (Health bar) Aktív bónusz: Health számítása Passzív bónusz: -', 'Megmutatja, hogy mekkora a karakter fizikai ereje, mekkorát támadni, mekkora tömeget tud megmozgatni. Aktív bónusz: Közelharci sebzés, csonttörés esélye, nehéz tárgyak megmozdításának esélye, teherbírás. Passzív bónusz: Közelharci sebzés, csonttörés esélye, nehéz tárgyak megmozdításának esélye, teherbírás.', 3, 20, 'Megmutatja, hogy a karakter mennyire kitartó, illetve milyen nehezen veszti el az eszméletét. Minél magasabb, annál nehezebben és annál több sérülést képes elviselni. Az aktív bónusza beleszámít az alap staminába. Aktív bónusz: Az aktív bónusza beleszámít az alap staminába. Passzív bónusz: Lassabban fárad a karakter, csökkenti a stamina vesztést, függetlenül a viselt vértezet osztálytól illetve a varázslat megtörésének az esélyét sérüléskor.', 3, 20, 'Megmutatja, hogy a karakter mennyire szívós, mennyire tud a külsõ hatásoknak ellenállni. Az aktív bónusza beleszámít az alap staminába. Aktív bónusz: Alap életerõ, vérzés, méreg és betegség ellenállás. Vérzés, méreg vagy betegség esetén a negatív állapot elkerülése. Vérzés elállásához és gyógyuláshoz szükséges idõhosszt csökkenti. Passzív bónusz: Gyógyulási sebesség változása pihenéskor. Alap életerõ, vérzés, méreg és betegség ellenállás. Vérzés, méreg vagy betegség esetén a negatív állapot elkerülése.', 3, 20),
(12, 'Megmutatja, hogy a karakter mennyire egészséges, mennyi az életereje. Az erõnlétet meghatárózó értékek, bónuszok összessége. A vitality 30 feletti része képezi az alap életerõnket. (Health bar) Aktív bónusz: Health számítása Passzív bónusz: -', 'Megmutatja, hogy mekkora a karakter fizikai ereje, mekkorát támadni, mekkora tömeget tud megmozgatni. Aktív bónusz: Közelharci sebzés, csonttörés esélye, nehéz tárgyak megmozdításának esélye, teherbírás. Passzív bónusz: Közelharci sebzés, csonttörés esélye, nehéz tárgyak megmozdításának esélye, teherbírás.', 3, 20, 'Megmutatja, hogy a karakter mennyire kitartó, illetve milyen nehezen veszti el az eszméletét. Minél magasabb, annál nehezebben és annál több sérülést képes elviselni. Az aktív bónusza beleszámít az alap staminába. Aktív bónusz: Az aktív bónusza beleszámít az alap staminába. Passzív bónusz: Lassabban fárad a karakter, csökkenti a stamina vesztést, függetlenül a viselt vértezet osztálytól illetve a varázslat megtörésének az esélyét sérüléskor.', 3, 20, 'Megmutatja, hogy a karakter mennyire szívós, mennyire tud a külsõ hatásoknak ellenállni. Az aktív bónusza beleszámít az alap staminába. Aktív bónusz: Alap életerõ, vérzés, méreg és betegség ellenállás. Vérzés, méreg vagy betegség esetén a negatív állapot elkerülése. Vérzés elállásához és gyógyuláshoz szükséges idõhosszt csökkenti. Passzív bónusz: Gyógyulási sebesség változása pihenéskor. Alap életerõ, vérzés, méreg és betegség ellenállás. Vérzés, méreg vagy betegség esetén a negatív állapot elkerülése.', 3, 20),
(13, 'Megmutatja, hogy a karakter mennyire egészséges, mennyi az életereje. Az erõnlétet meghatárózó értékek, bónuszok összessége. A vitality 30 feletti része képezi az alap életerõnket. (Health bar) Aktív bónusz: Health számítása Passzív bónusz: -', 'Megmutatja, hogy mekkora a karakter fizikai ereje, mekkorát támadni, mekkora tömeget tud megmozgatni. Aktív bónusz: Közelharci sebzés, csonttörés esélye, nehéz tárgyak megmozdításának esélye, teherbírás. Passzív bónusz: Közelharci sebzés, csonttörés esélye, nehéz tárgyak megmozdításának esélye, teherbírás.', 5, 18, 'Megmutatja, hogy a karakter mennyire kitartó, illetve milyen nehezen veszti el az eszméletét. Minél magasabb, annál nehezebben és annál több sérülést képes elviselni. Az aktív bónusza beleszámít az alap staminába. Aktív bónusz: Az aktív bónusza beleszámít az alap staminába. Passzív bónusz: Lassabban fárad a karakter, csökkenti a stamina vesztést, függetlenül a viselt vértezet osztálytól illetve a varázslat megtörésének az esélyét sérüléskor.', 5, 16, 'Megmutatja, hogy a karakter mennyire szívós, mennyire tud a külsõ hatásoknak ellenállni. Az aktív bónusza beleszámít az alap staminába. Aktív bónusz: Alap életerõ, vérzés, méreg és betegség ellenállás. Vérzés, méreg vagy betegség esetén a negatív állapot elkerülése. Vérzés elállásához és gyógyuláshoz szükséges idõhosszt csökkenti. Passzív bónusz: Gyógyulási sebesség változása pihenéskor. Alap életerõ, vérzés, méreg és betegség ellenállás. Vérzés, méreg vagy betegség esetén a negatív állapot elkerülése.', 5, 16),
(14, 'Megmutatja, hogy a karakter mennyire egészséges, mennyi az életereje. Az erõnlétet meghatárózó értékek, bónuszok összessége. A vitality 30 feletti része képezi az alap életerõnket. (Health bar) Aktív bónusz: Health számítása Passzív bónusz: -', 'Megmutatja, hogy mekkora a karakter fizikai ereje, mekkorát támadni, mekkora tömeget tud megmozgatni. Aktív bónusz: Közelharci sebzés, csonttörés esélye, nehéz tárgyak megmozdításának esélye, teherbírás. Passzív bónusz: Közelharci sebzés, csonttörés esélye, nehéz tárgyak megmozdításának esélye, teherbírás.', 5, 18, 'Megmutatja, hogy a karakter mennyire kitartó, illetve milyen nehezen veszti el az eszméletét. Minél magasabb, annál nehezebben és annál több sérülést képes elviselni. Az aktív bónusza beleszámít az alap staminába. Aktív bónusz: Az aktív bónusza beleszámít az alap staminába. Passzív bónusz: Lassabban fárad a karakter, csökkenti a stamina vesztést, függetlenül a viselt vértezet osztálytól illetve a varázslat megtörésének az esélyét sérüléskor.', 5, 16, 'Megmutatja, hogy a karakter mennyire szívós, mennyire tud a külsõ hatásoknak ellenállni. Az aktív bónusza beleszámít az alap staminába. Aktív bónusz: Alap életerõ, vérzés, méreg és betegség ellenállás. Vérzés, méreg vagy betegség esetén a negatív állapot elkerülése. Vérzés elállásához és gyógyuláshoz szükséges idõhosszt csökkenti. Passzív bónusz: Gyógyulási sebesség változása pihenéskor. Alap életerõ, vérzés, méreg és betegség ellenállás. Vérzés, méreg vagy betegség esetén a negatív állapot elkerülése.', 5, 16),
(15, 'Megmutatja, hogy a karakter mennyire egészséges, mennyi az életereje. Az erõnlétet meghatárózó értékek, bónuszok összessége. A vitality 30 feletti része képezi az alap életerõnket. (Health bar) Aktív bónusz: Health számítása Passzív bónusz: -', 'Megmutatja, hogy mekkora a karakter fizikai ereje, mekkorát támadni, mekkora tömeget tud megmozgatni. Aktív bónusz: Közelharci sebzés, csonttörés esélye, nehéz tárgyak megmozdításának esélye, teherbírás. Passzív bónusz: Közelharci sebzés, csonttörés esélye, nehéz tárgyak megmozdításának esélye, teherbírás.', 10, 20, 'Megmutatja, hogy a karakter mennyire kitartó, illetve milyen nehezen veszti el az eszméletét. Minél magasabb, annál nehezebben és annál több sérülést képes elviselni. Az aktív bónusza beleszámít az alap staminába. Aktív bónusz: Az aktív bónusza beleszámít az alap staminába. Passzív bónusz: Lassabban fárad a karakter, csökkenti a stamina vesztést, függetlenül a viselt vértezet osztálytól illetve a varázslat megtörésének az esélyét sérüléskor.', 10, 25, 'Megmutatja, hogy a karakter mennyire szívós, mennyire tud a külsõ hatásoknak ellenállni. Az aktív bónusza beleszámít az alap staminába. Aktív bónusz: Alap életerõ, vérzés, méreg és betegség ellenállás. Vérzés, méreg vagy betegség esetén a negatív állapot elkerülése. Vérzés elállásához és gyógyuláshoz szükséges idõhosszt csökkenti. Passzív bónusz: Gyógyulási sebesség változása pihenéskor. Alap életerõ, vérzés, méreg és betegség ellenállás. Vérzés, méreg vagy betegség esetén a negatív állapot elkerülése.', 10, 25),
(16, 'egmutatja, hogy a karakter mennyire egészséges, mennyi az életereje. Az erõnlétet meghatárózó értékek, bónuszok összessége. A vitality 30 feletti része képezi az alap életerõnket. (Health bar) Aktív bónusz: Health számítása Passzív bónusz: -', 'Megmutatja, hogy mekkora a karakter fizikai ereje, mekkorát támadni, mekkora tömeget tud megmozgatni. Aktív bónusz: Közelharci sebzés, csonttörés esélye, nehéz tárgyak megmozdításának esélye, teherbírás. Passzív bónusz: Közelharci sebzés, csonttörés esélye, nehéz tárgyak megmozdításának esélye, teherbírás.', 10, 20, 'Megmutatja, hogy a karakter mennyire kitartó, illetve milyen nehezen veszti el az eszméletét. Minél magasabb, annál nehezebben és annál több sérülést képes elviselni. Az aktív bónusza beleszámít az alap staminába. Aktív bónusz: Az aktív bónusza beleszámít az alap staminába. Passzív bónusz: Lassabban fárad a karakter, csökkenti a stamina vesztést, függetlenül a viselt vértezet osztálytól illetve a varázslat megtörésének az esélyét sérüléskor.', 10, 25, 'Megmutatja, hogy a karakter mennyire szívós, mennyire tud a külsõ hatásoknak ellenállni. Az aktív bónusza beleszámít az alap staminába. Aktív bónusz: Alap életerõ, vérzés, méreg és betegség ellenállás. Vérzés, méreg vagy betegség esetén a negatív állapot elkerülése. Vérzés elállásához és gyógyuláshoz szükséges idõhosszt csökkenti. Passzív bónusz: Gyógyulási sebesség változása pihenéskor. Alap életerõ, vérzés, méreg és betegség ellenállás. Vérzés, méreg vagy betegség esetén a negatív állapot elkerülése.', 10, 25),
(17, 'Megmutatja, hogy a karakter mennyire egészséges, mennyi az életereje. Az erõnlétet meghatárózó értékek, bónuszok összessége. A vitality 30 feletti része képezi az alap életerõnket. (Health bar) Aktív bónusz: Health számítása Passzív bónusz: -', 'Megmutatja, hogy mekkora a karakter fizikai ereje, mekkorát támadni, mekkora tömeget tud megmozgatni. Aktív bónusz: Közelharci sebzés, csonttörés esélye, nehéz tárgyak megmozdításának esélye, teherbírás. Passzív bónusz: Közelharci sebzés, csonttörés esélye, nehéz tárgyak megmozdításának esélye, teherbírás.', 5, 18, 'Megmutatja, hogy a karakter mennyire kitartó, illetve milyen nehezen veszti el az eszméletét. Minél magasabb, annál nehezebben és annál több sérülést képes elviselni. Az aktív bónusza beleszámít az alap staminába. Aktív bónusz: Az aktív bónusza beleszámít az alap staminába. Passzív bónusz: Lassabban fárad a karakter, csökkenti a stamina vesztést, függetlenül a viselt vértezet osztálytól illetve a varázslat megtörésének az esélyét sérüléskor.', 5, 16, 'Megmutatja, hogy a karakter mennyire szívós, mennyire tud a külsõ hatásoknak ellenállni. Az aktív bónusza beleszámít az alap staminába. Aktív bónusz: Alap életerõ, vérzés, méreg és betegség ellenállás. Vérzés, méreg vagy betegség esetén a negatív állapot elkerülése. Vérzés elállásához és gyógyuláshoz szükséges idõhosszt csökkenti. Passzív bónusz: Gyógyulási sebesség változása pihenéskor. Alap életerõ, vérzés, méreg és betegség ellenállás. Vérzés, méreg vagy betegség esetén a negatív állapot elkerülése.', 5, 16),
(18, 'Megmutatja, hogy a karakter mennyire egészséges, mennyi az életereje. Az erõnlétet meghatárózó értékek, bónuszok összessége. A vitality 30 feletti része képezi az alap életerõnket. (Health bar) Aktív bónusz: Health számítása Passzív bónusz: -', 'Megmutatja, hogy mekkora a karakter fizikai ereje, mekkorát támadni, mekkora tömeget tud megmozgatni. Aktív bónusz: Közelharci sebzés, csonttörés esélye, nehéz tárgyak megmozdításának esélye, teherbírás. Passzív bónusz: Közelharci sebzés, csonttörés esélye, nehéz tárgyak megmozdításának esélye, teherbírás.', 5, 18, 'Megmutatja, hogy a karakter mennyire kitartó, illetve milyen nehezen veszti el az eszméletét. Minél magasabb, annál nehezebben és annál több sérülést képes elviselni. Az aktív bónusza beleszámít az alap staminába. Aktív bónusz: Az aktív bónusza beleszámít az alap staminába. Passzív bónusz: Lassabban fárad a karakter, csökkenti a stamina vesztést, függetlenül a viselt vértezet osztálytól illetve a varázslat megtörésének az esélyét sérüléskor.', 5, 16, 'Megmutatja, hogy a karakter mennyire szívós, mennyire tud a külsõ hatásoknak ellenállni. Az aktív bónusza beleszámít az alap staminába. Aktív bónusz: Alap életerõ, vérzés, méreg és betegség ellenállás. Vérzés, méreg vagy betegség esetén a negatív állapot elkerülése. Vérzés elállásához és gyógyuláshoz szükséges idõhosszt csökkenti. Passzív bónusz: Gyógyulási sebesség változása pihenéskor. Alap életerõ, vérzés, méreg és betegség ellenállás. Vérzés, méreg vagy betegség esetén a negatív állapot elkerülése.', 5, 16),
(19, 'Megmutatja, hogy a karakter mennyire egészséges, mennyi az életereje. Az erõnlétet meghatárózó értékek, bónuszok összessége. A vitality 30 feletti része képezi az alap életerõnket. (Health bar) Aktív bónusz: Health számítása Passzív bónusz: -', 'Megmutatja, hogy mekkora a karakter fizikai ereje, mekkorát támadni, mekkora tömeget tud megmozgatni. Aktív bónusz: Közelharci sebzés, csonttörés esélye, nehéz tárgyak megmozdításának esélye, teherbírás. Passzív bónusz: Közelharci sebzés, csonttörés esélye, nehéz tárgyak megmozdításának esélye, teherbírás.', 5, 18, 'Megmutatja, hogy a karakter mennyire kitartó, illetve milyen nehezen veszti el az eszméletét. Minél magasabb, annál nehezebben és annál több sérülést képes elviselni. Az aktív bónusza beleszámít az alap staminába. Aktív bónusz: Az aktív bónusza beleszámít az alap staminába. Passzív bónusz: Lassabban fárad a karakter, csökkenti a stamina vesztést, függetlenül a viselt vértezet osztálytól illetve a varázslat megtörésének az esélyét sérüléskor.', 5, 16, 'Megmutatja, hogy a karakter mennyire szívós, mennyire tud a külsõ hatásoknak ellenállni. Az aktív bónusza beleszámít az alap staminába. Aktív bónusz: Alap életerõ, vérzés, méreg és betegség ellenállás. Vérzés, méreg vagy betegség esetén a negatív állapot elkerülése. Vérzés elállásához és gyógyuláshoz szükséges idõhosszt csökkenti. Passzív bónusz: Gyógyulási sebesség változása pihenéskor. Alap életerõ, vérzés, méreg és betegség ellenállás. Vérzés, méreg vagy betegség esetén a negatív állapot elkerülése.', 5, 16),
(20, 'Megmutatja, hogy a karakter mennyire egészséges, mennyi az életereje. Az erõnlétet meghatárózó értékek, bónuszok összessége. A vitality 30 feletti része képezi az alap életerõnket. (Health bar) Aktív bónusz: Health számítása Passzív bónusz: -', 'Megmutatja, hogy mekkora a karakter fizikai ereje, mekkorát támadni, mekkora tömeget tud megmozgatni. Aktív bónusz: Közelharci sebzés, csonttörés esélye, nehéz tárgyak megmozdításának esélye, teherbírás. Passzív bónusz: Közelharci sebzés, csonttörés esélye, nehéz tárgyak megmozdításának esélye, teherbírás.', 5, 18, 'Megmutatja, hogy a karakter mennyire kitartó, illetve milyen nehezen veszti el az eszméletét. Minél magasabb, annál nehezebben és annál több sérülést képes elviselni. Az aktív bónusza beleszámít az alap staminába. Aktív bónusz: Az aktív bónusza beleszámít az alap staminába. Passzív bónusz: Lassabban fárad a karakter, csökkenti a stamina vesztést, függetlenül a viselt vértezet osztálytól illetve a varázslat megtörésének az esélyét sérüléskor.', 5, 16, 'Megmutatja, hogy a karakter mennyire szívós, mennyire tud a külsõ hatásoknak ellenállni. Az aktív bónusza beleszámít az alap staminába. Aktív bónusz: Alap életerõ, vérzés, méreg és betegség ellenállás. Vérzés, méreg vagy betegség esetén a negatív állapot elkerülése. Vérzés elállásához és gyógyuláshoz szükséges idõhosszt csökkenti. Passzív bónusz: Gyógyulási sebesség változása pihenéskor. Alap életerõ, vérzés, méreg és betegség ellenállás. Vérzés, méreg vagy betegség esetén a negatív állapot elkerülése.', 5, 16),
(21, 'Megmutatja, hogy a karakter mennyire egészséges, mennyi az életereje. Az erõnlétet meghatárózó értékek, bónuszok összessége. A vitality 30 feletti része képezi az alap életerõnket. (Health bar) Aktív bónusz: Health számítása Passzív bónusz: -', 'Megmutatja, hogy mekkora a karakter fizikai ereje, mekkorát támadni, mekkora tömeget tud megmozgatni. Aktív bónusz: Közelharci sebzés, csonttörés esélye, nehéz tárgyak megmozdításának esélye, teherbírás. Passzív bónusz: Közelharci sebzés, csonttörés esélye, nehéz tárgyak megmozdításának esélye, teherbírás.', 3, 20, 'Megmutatja, hogy a karakter mennyire kitartó, illetve milyen nehezen veszti el az eszméletét. Minél magasabb, annál nehezebben és annál több sérülést képes elviselni. Az aktív bónusza beleszámít az alap staminába. Aktív bónusz: Az aktív bónusza beleszámít az alap staminába. Passzív bónusz: Lassabban fárad a karakter, csökkenti a stamina vesztést, függetlenül a viselt vértezet osztálytól illetve a varázslat megtörésének az esélyét sérüléskor.', 3, 20, 'Megmutatja, hogy a karakter mennyire szívós, mennyire tud a külsõ hatásoknak ellenállni. Az aktív bónusza beleszámít az alap staminába. Aktív bónusz: Alap életerõ, vérzés, méreg és betegség ellenállás. Vérzés, méreg vagy betegség esetén a negatív állapot elkerülése. Vérzés elállásához és gyógyuláshoz szükséges idõhosszt csökkenti. Passzív bónusz: Gyógyulási sebesség változása pihenéskor. Alap életerõ, vérzés, méreg és betegség ellenállás. Vérzés, méreg vagy betegség esetén a negatív állapot elkerülése.', 3, 20),
(22, 'Megmutatja, hogy a karakter mennyire egészséges, mennyi az életereje. Az erõnlétet meghatárózó értékek, bónuszok összessége. A vitality 30 feletti része képezi az alap életerõnket. (Health bar) Aktív bónusz: Health számítása Passzív bónusz: -', 'Megmutatja, hogy mekkora a karakter fizikai ereje, mekkorát támadni, mekkora tömeget tud megmozgatni. Aktív bónusz: Közelharci sebzés, csonttörés esélye, nehéz tárgyak megmozdításának esélye, teherbírás. Passzív bónusz: Közelharci sebzés, csonttörés esélye, nehéz tárgyak megmozdításának esélye, teherbírás.', 8, 25, 'Megmutatja, hogy a karakter mennyire kitartó, illetve milyen nehezen veszti el az eszméletét. Minél magasabb, annál nehezebben és annál több sérülést képes elviselni. Az aktív bónusza beleszámít az alap staminába. Aktív bónusz: Az aktív bónusza beleszámít az alap staminába. Passzív bónusz: Lassabban fárad a karakter, csökkenti a stamina vesztést, függetlenül a viselt vértezet osztálytól illetve a varázslat megtörésének az esélyét sérüléskor.', 3, 20, 'Megmutatja, hogy a karakter mennyire szívós, mennyire tud a külsõ hatásoknak ellenállni. Az aktív bónusza beleszámít az alap staminába. Aktív bónusz: Alap életerõ, vérzés, méreg és betegség ellenállás. Vérzés, méreg vagy betegség esetén a negatív állapot elkerülése. Vérzés elállásához és gyógyuláshoz szükséges idõhosszt csökkenti. Passzív bónusz: Gyógyulási sebesség változása pihenéskor. Alap életerõ, vérzés, méreg és betegség ellenállás. Vérzés, méreg vagy betegség esetén a negatív állapot elkerülése.', 3, 20);

-- --------------------------------------------------------

--
-- Tábla szerkezet ehhez a táblához `__efmigrationshistory`
--

DROP TABLE IF EXISTS `__efmigrationshistory`;
CREATE TABLE `__efmigrationshistory` (
  `MigrationId` varchar(95) NOT NULL,
  `ProductVersion` varchar(32) NOT NULL
) ENGINE=InnoDB DEFAULT CHARSET=utf8mb4;

--
-- A tábla adatainak kiíratása `__efmigrationshistory`
--

INSERT INTO `__efmigrationshistory` (`MigrationId`, `ProductVersion`) VALUES
('20210218185302_dzeta', '3.1.11');

--
-- Indexek a kiírt táblákhoz
--

--
-- A tábla indexei `abilitybonus`
--
ALTER TABLE `abilitybonus`
  ADD PRIMARY KEY (`Id`);

--
-- A tábla indexei `characters`
--
ALTER TABLE `characters`
  ADD PRIMARY KEY (`Id`),
  ADD KEY `RaceId` (`RaceId`);

--
-- A tábla indexei `charactersskills`
--
ALTER TABLE `charactersskills`
  ADD KEY `CharacterId` (`CharacterId`),
  ADD KEY `SkillId` (`SkillId`);

--
-- A tábla indexei `charisms`
--
ALTER TABLE `charisms`
  ADD PRIMARY KEY (`Id`);

--
-- A tábla indexei `dexteritys`
--
ALTER TABLE `dexteritys`
  ADD PRIMARY KEY (`Id`);

--
-- A tábla indexei `intuitions`
--
ALTER TABLE `intuitions`
  ADD PRIMARY KEY (`Id`);

--
-- A tábla indexei `races`
--
ALTER TABLE `races`
  ADD PRIMARY KEY (`Id`),
  ADD KEY `CharismaId` (`CharismaId`),
  ADD KEY `DexterityId` (`DexterityId`),
  ADD KEY `IntuitionId` (`IntuitionId`),
  ADD KEY `VitalityId` (`VitalityId`);

--
-- A tábla indexei `racesskills`
--
ALTER TABLE `racesskills`
  ADD KEY `RaceId` (`RaceId`),
  ADD KEY `SkillId` (`SkillId`);

--
-- A tábla indexei `skills`
--
ALTER TABLE `skills`
  ADD PRIMARY KEY (`Id`);

--
-- A tábla indexei `vitalitys`
--
ALTER TABLE `vitalitys`
  ADD PRIMARY KEY (`Id`);

--
-- A tábla indexei `__efmigrationshistory`
--
ALTER TABLE `__efmigrationshistory`
  ADD PRIMARY KEY (`MigrationId`);

--
-- Megkötések a kiírt táblákhoz
--

--
-- Megkötések a táblához `charactersskills`
--
ALTER TABLE `charactersskills`
  ADD CONSTRAINT `charactersskills_ibfk_3` FOREIGN KEY (`CharacterId`) REFERENCES `characters` (`Id`) ON DELETE CASCADE,
  ADD CONSTRAINT `charactersskills_ibfk_4` FOREIGN KEY (`SkillId`) REFERENCES `skills` (`Id`) ON DELETE CASCADE;

--
-- Megkötések a táblához `races`
--
ALTER TABLE `races`
  ADD CONSTRAINT `races_ibfk_6` FOREIGN KEY (`DexterityId`) REFERENCES `dexteritys` (`Id`),
  ADD CONSTRAINT `races_ibfk_7` FOREIGN KEY (`CharismaId`) REFERENCES `charisms` (`Id`),
  ADD CONSTRAINT `races_ibfk_8` FOREIGN KEY (`VitalityId`) REFERENCES `vitalitys` (`Id`),
  ADD CONSTRAINT `races_ibfk_9` FOREIGN KEY (`IntuitionId`) REFERENCES `intuitions` (`Id`);

--
-- Megkötések a táblához `racesskills`
--
ALTER TABLE `racesskills`
  ADD CONSTRAINT `racesskills_ibfk_3` FOREIGN KEY (`RaceId`) REFERENCES `races` (`Id`) ON DELETE CASCADE,
  ADD CONSTRAINT `racesskills_ibfk_4` FOREIGN KEY (`SkillId`) REFERENCES `skills` (`Id`) ON DELETE CASCADE;
COMMIT;

/*!40101 SET CHARACTER_SET_CLIENT=@OLD_CHARACTER_SET_CLIENT */;
/*!40101 SET CHARACTER_SET_RESULTS=@OLD_CHARACTER_SET_RESULTS */;
/*!40101 SET COLLATION_CONNECTION=@OLD_COLLATION_CONNECTION */;
